코드,성별
1,남
2,남
3,남
4,여
5,남
6,남
7,여
8,남
9,여
10,여
11,여
12,여
13,남
14,여
15,남
16,남
17,여
18,남
19,여
20,남
21,남
22,여
23,남
24,여
25,남
26,남
27,여
28,남
29,남
30,남
31,남
32,남
33,남
34,여
35,여
36,남
37,남
38,여
39,여
40,남
41,여
42,남
43,남
44,남
45,여
46,남
47,남
48,남
49,여
50,여
51,남
52,남
53,여
54,여
55,남
56,여
57,남
58,여
59,여
60,남
61,남
62,여
63,남
64,남
65,남
66,남
67,여
68,여
69,여
70,남
71,남
72,여
73,여
74,남
75,여
76,남
77,여
78,여
79,여
80,여
81,여
82,남
83,남
84,남
85,남
86,남
87,남
88,남
89,남
90,남
91,여
92,여
93,남
94,남
95,남
96,여
97,여
98,여
99,여
100,남
101,남
102,남
103,여
104,여
105,남
106,여
107,여
108,남
109,여
110,남
111,남
112,남
113,여
114,남
115,여
116,여
117,여
118,여
119,남
120,남
121,여
122,남
123,여
124,여
125,남
126,여
127,여
128,남
129,여
130,여
131,여
132,남
133,여
134,여
135,남
136,남
137,여
138,여
139,여
140,남
141,남
142,여
143,여
144,남
145,여
146,남
147,여
148,여
149,여
150,여
151,여
152,남
153,여
154,여
155,여
156,남
157,여
158,남
159,여
160,남
161,여
162,여
163,여
164,여
165,여
166,여
167,남
168,여
169,여
170,여
171,여
172,여
173,여
174,여
175,여
176,여
177,남
178,남
179,남
180,여
181,남
182,여
183,남
184,남
185,여
186,여
187,남
188,남
189,남
190,남
191,남
192,여
193,여
194,여
195,여
196,남
197,여
198,여
199,여
200,여
201,남
202,남
203,여
204,남
205,남
206,남
207,여
208,남
209,여
210,남
211,여
212,남
213,남
214,남
215,여
216,남
217,여
218,남
219,여
220,여
221,남
222,여
223,남
224,여
225,남
226,남
227,남
228,남
229,남
230,여
231,여
232,남
233,남
234,남
235,남
236,남
237,여
238,남
239,여
240,여
241,남
242,남
243,남
244,남
245,여
246,여
247,남
248,여
249,여
250,여
251,남
252,남
253,여
254,여
255,여
256,남
257,여
258,여
259,남
260,여
261,여
262,여
263,여
264,남
265,남
266,여
267,여
268,남
269,여
270,여
271,남
272,남
273,여
274,여
275,여
276,남
277,남
278,여
279,여
280,남
281,남
282,여
283,남
284,여
285,여
286,여
287,남
288,남
289,남
290,여
291,여
292,여
293,여
294,여
295,남
296,여
297,남
298,여
299,남
300,여
301,여
302,여
303,여
304,남
305,여
306,남
307,여
308,여
309,여
310,여
311,남
312,여
313,남
314,여
315,남
316,여
317,남
318,남
319,여
320,남
321,여
322,여
323,남
324,여
325,남
326,남
327,여
328,여
329,여
330,남
331,남
332,남
333,여
334,여
335,여
336,여
337,여
338,여
339,남
340,남
341,남
342,남
343,남
344,남
345,남
346,여
347,남
348,남
349,여
350,남
351,남
352,여
353,남
354,여
355,여
356,여
357,여
358,남
359,남
360,여
361,여
362,여
363,남
364,남
365,여
366,여
367,남
368,여
369,여
370,여
371,여
372,남
373,남
374,여
375,남
376,여
377,여
378,남
379,여
380,여
381,여
382,남
383,여
384,여
385,남
386,여
387,여
388,남
389,남
390,여
391,남
392,여
393,남
394,여
395,여
396,남
397,여
398,여
399,남
400,남
401,여
402,여
403,남
404,여
405,여
406,여
407,여
408,여
409,남
410,여
411,여
412,여
413,남
414,여
415,여
416,여
417,여
418,남
419,여
420,여
421,여
422,여
423,여
424,여
425,남
426,여
427,여
428,여
429,남
430,남
431,여
432,여
433,여
434,여
435,여
436,남
437,남
438,여
439,여
440,여
441,여
442,여
443,여
444,남
445,남
446,여
447,여
448,여
449,남
450,여
451,남
452,여
453,여
454,여
455,여
456,여
457,여
458,남
459,여
460,남
461,남
462,여
463,남
464,여
465,여
466,여
467,여
468,남
469,여
470,남
471,여
472,남
473,여
474,여
475,여
476,여
477,남
478,여
479,남
480,남
481,남
482,남
483,남
484,남
485,남
486,여
487,여
488,여
489,여
490,여
491,남
492,여
493,여
494,여
495,남
496,남
497,여
498,여
499,여
500,여
501,여
502,여
503,남
504,여
505,여
506,남
507,여
508,여
509,여
510,여
511,여
512,여
513,여
514,여
515,여
516,여
517,남
518,여
519,남
520,여
521,여
522,여
523,여
524,여
525,남
526,남
527,여
528,여
529,여
530,남
531,여
532,여
533,남
534,남
535,여
536,여
537,여
538,여
539,여
540,여
541,여
542,남
543,남
544,남
545,여
546,남
547,남
548,여
549,남
550,여
551,여
552,여
553,남
554,남
555,여
556,여
557,남
558,남
559,여
560,남
561,남
562,여
563,여
564,남
565,남
566,남
567,여
568,남
569,여
570,남
571,여
572,여
573,여
574,남
575,여
576,여
577,여
578,여
579,여
580,남
581,여
582,여
583,남
584,여
585,남
586,남
587,남
588,남
589,남
590,여
591,남
592,여
593,여
594,여
595,여
596,여
597,여
598,여
599,여
600,여
601,남
602,남
603,남
604,여
605,여
606,여
607,남
608,여
609,남
610,여
611,남
612,여
613,남
614,남
615,남
616,남
617,여
618,남
619,남
620,남
621,여
622,남
623,여
624,남
625,여
626,여
627,남
628,여
629,여
630,여
631,남
632,여
633,여
634,여
635,남
636,여
637,여
638,남
639,남
640,여
641,여
642,여
643,남
644,남
645,남
646,남
647,여
648,여
649,여
650,여
651,여
652,남
653,여
654,여
655,남
656,여
657,남
658,남
659,여
660,여
661,여
662,남
663,여
664,남
665,남
666,여
667,남
668,여
669,여
670,여
671,남
672,여
673,여
674,여
675,여
676,여
677,여
678,여
679,여
680,남
681,여
682,남
683,남
684,남
685,남
686,남
687,여
688,남
689,여
690,여
691,여
692,남
693,남
694,남
695,여
696,여
697,남
698,여
699,남
700,남
701,여
702,여
703,남
704,남
705,여
706,남
707,여
708,남
709,남
710,여
711,여
712,여
713,여
714,남
715,여
716,여
717,여
718,남
719,여
720,남
721,여
722,여
723,남
724,남
725,여
726,여
727,여
728,여
729,남
730,여
731,여
732,남
733,여
734,남
735,여
736,남
737,여
738,여
739,여
740,여
741,남
742,남
743,여
744,여
745,여
746,남
747,남
748,남
749,여
750,남
751,여
752,남
753,남
754,남
755,여
756,남
757,여
758,여
759,여
760,여
761,여
762,남
763,남
764,남
765,여
766,여
767,여
768,여
769,남
770,남
771,남
772,남
773,남
774,여
775,여
776,여
777,남
778,남
779,남
780,여
781,남
782,여
783,여
784,여
785,여
786,여
787,남
788,남
789,여
790,남
791,남
792,남
793,남
794,남
795,여
796,여
797,남
798,여
799,여
800,여
801,남
802,여
803,여
804,남
805,여
806,남
807,남
808,여
809,여
810,남
811,여
812,여
813,여
814,남
815,여
816,여
817,여
818,여
819,남
820,여
821,남
822,여
823,여
824,여
825,남
826,여
827,여
828,여
829,남
830,여
831,남
832,남
833,여
834,여
835,여
836,여
837,여
838,남
839,남
840,여
841,여
842,여
843,여
844,남
845,남
846,여
847,여
848,남
849,여
850,남
851,여
852,남
853,여
854,여
855,여
856,여
857,여
858,여
859,남
860,여
861,여
862,여
863,여
864,여
865,남
866,남
867,여
868,남
869,남
870,남
871,남
872,남
873,여
874,여
875,남
876,남
877,여
878,여
879,여
880,남
881,남
882,여
883,여
884,여
885,남
886,여
887,남
888,여
889,여
890,남
891,남
892,남
893,남
894,남
895,남
896,여
897,남
898,여
899,남
900,여
901,남
902,남
903,여
904,남
905,남
906,남
907,여
908,남
909,남
910,남
911,여
912,남
913,여
914,여
915,여
916,남
917,여
918,남
919,남
920,남
921,남
922,남
923,여
924,여
925,남
926,여
927,여
928,남
929,여
930,여
931,여
932,남
933,여
934,남
935,여
936,남
937,여
938,여
939,여
940,남
941,여
942,남
943,여
944,남
945,여
946,여
947,남
948,여
949,여
950,여
951,남
952,여
953,여
954,여
955,남
956,남
957,여
958,여
959,남
960,여
961,여
962,여
963,여
964,여
965,여
966,남
967,남
968,여
969,여
970,남
971,남
972,여
973,여
974,여
975,여
976,여
977,남
978,여
979,남
980,남
981,남
982,여
983,남
984,여
985,여
986,여
987,남
988,여
989,여
990,여
991,여
992,여
993,남
994,여
995,여
996,여
997,여
998,남
999,여
1000,여
1001,남
1002,남
1003,남
1004,여
1005,남
1006,남
1007,여
1008,남
1009,남
1010,남
1011,남
1012,여
1013,남
1014,여
1015,남
1016,여
1017,여
1018,여
1019,남
1020,남
1021,남
1022,남
1023,남
1024,여
1025,여
1026,남
1027,여
1028,여
1029,남
1030,남
1031,여
1032,여
1033,남
1034,여
1035,남
1036,남
1037,여
1038,여
1039,남
1040,여
1041,남
1042,여
1043,남
1044,남
1045,남
1046,여
1047,여
1048,남
1049,남
1050,여
1051,남
1052,여
1053,남
1054,여
1055,여
1056,여
1057,여
1058,여
1059,남
1060,남
1061,여
1062,여
1063,남
1064,여
1065,여
1066,여
1067,남
1068,여
1069,여
1070,남
1071,남
1072,여
1073,여
1074,여
1075,여
1076,남
1077,여
1078,여
1079,여
1080,여
1081,남
1082,여
1083,여
1084,남
1085,남
1086,여
1087,남
1088,남
1089,여
1090,여
1091,남
1092,여
1093,여
1094,여
1095,남
1096,여
1097,여
1098,여
1099,남
1100,여
1101,여
1102,여
1103,여
1104,여
1105,남
1106,남
1107,남
1108,남
1109,남
1110,여
1111,여
1112,여
1113,남
1114,여
1115,여
1116,여
1117,여
1118,남
1119,여
1120,남
1121,여
1122,여
1123,남
1124,여
1125,남
1126,여
1127,여
1128,남
1129,여
1130,남
1131,여
1132,남
1133,여
1134,남
1135,여
1136,여
1137,여
1138,남
1139,여
1140,남
1141,여
1142,여
1143,남
1144,남
1145,남
1146,여
1147,여
1148,여
1149,남
1150,남
1151,남
1152,남
1153,남
1154,여
1155,여
1156,여
1157,여
1158,여
1159,여
1160,여
1161,여
1162,여
1163,여
1164,남
1165,남
1166,남
1167,남
1168,여
1169,여
1170,여
1171,여
1172,남
1173,남
1174,여
1175,남
1176,여
1177,여
1178,여
1179,남
1180,여
1181,여
1182,여
1183,여
1184,여
1185,여
1186,여
1187,여
1188,여
1189,남
1190,여
1191,남
1192,남
1193,여
1194,여
1195,남
1196,여
1197,여
1198,여
1199,남
1200,여
1201,여
1202,남
1203,여
1204,여
1205,여
1206,남
1207,남
1208,남
1209,여
1210,여
1211,여
1212,남
1213,남
1214,남
1215,여
1216,남
1217,남
1218,여
1219,여
1220,여
1221,남
1222,남
1223,여
1224,남
1225,여
1226,남
1227,여
1228,여
1229,남
1230,여
1231,여
1232,남
1233,여
1234,남
1235,여
1236,여
1237,여
1238,남
1239,여
1240,남
1241,남
1242,여
1243,여
1244,여
1245,여
1246,여
1247,여
1248,여
1249,여
1250,여
1251,여
1252,여
1253,남
1254,여
1255,여
1256,여
1257,여
1258,여
1259,여
1260,남
1261,남
1262,여
1263,여
1264,여
1265,남
1266,여
1267,남
1268,여
1269,여
1270,여
1271,여
1272,여
1273,여
1274,여
1275,남
1276,여
1277,남
1278,남
1279,여
1280,여
1281,여
1282,여
1283,여
1284,남
1285,여
1286,여
1287,여
1288,여
1289,여
1290,여
1291,여
1292,여
1293,여
1294,남
1295,여
1296,여
1297,남
1298,남
1299,남
1300,남
1301,남
1302,여
1303,여
1304,남
1305,남
1306,여
1307,여
1308,여
1309,남
1310,여
1311,남
1312,여
1313,남
1314,남
1315,남
1316,남
1317,여
1318,여
1319,여
1320,남
1321,여
1322,여
1323,여
1324,여
1325,여
1326,남
1327,남
1328,여
1329,여
1330,남
1331,남
1332,여
1333,여
1334,여
1335,여
1336,여
1337,여
1338,여
1339,여
1340,여
1341,남
1342,여
1343,여
1344,여
1345,남
1346,남
1347,여
1348,남
1349,남
1350,여
1351,남
1352,여
1353,여
1354,여
1355,여
1356,여
1357,여
1358,남
1359,여
1360,남
1361,여
1362,여
1363,여
1364,여
1365,여
1366,남
1367,여
1368,여
1369,여
1370,남
1371,여
1372,남
1373,여
1374,여
1375,남
1376,여
1377,남
1378,여
1379,여
1380,여
1381,여
1382,남
1383,여
1384,남
1385,여
1386,여
1387,여
1388,여
1389,여
1390,여
1391,여
1392,여
1393,남
1394,여
1395,남
1396,여
1397,여
1398,여
1399,여
1400,여
1401,여
1402,여
1403,여
1404,여
1405,여
1406,여
1407,남
1408,여
1409,여
1410,남
1411,남
1412,여
1413,여
1414,남
1415,남
1416,여
1417,여
1418,남
1419,남
1420,여
1421,여
1422,남
1423,여
1424,남
1425,여
1426,여
1427,남
1428,남
1429,남
1430,남
1431,여
1432,남
1433,여
1434,남
1435,여
1436,남
1437,남
1438,여
1439,남
1440,여
1441,여
1442,남
1443,남
1444,남
1445,남
1446,여
1447,남
1448,여
1449,여
1450,여
1451,여
1452,여
1453,여
1454,남
1455,여
1456,남
1457,여
1458,여
1459,여
1460,남
1461,남
1462,여
1463,여
1464,남
1465,여
1466,여
1467,남
1468,여
1469,여
1470,여
1471,여
1472,남
1473,남
1474,여
1475,남
1476,남
1477,여
1478,여
1479,여
1480,여
1481,여
1482,남
1483,남
1484,여
1485,여
1486,남
1487,남
1488,여
1489,남
1490,남
1491,남
1492,여
1493,남
1494,남
1495,여
1496,여
1497,남
1498,여
1499,남
1500,여
1501,남
1502,여
1503,여
1504,여
1505,여
1506,여
1507,여
1508,여
1509,여
1510,남
1511,여
1512,남
1513,여
1514,여
1515,여
1516,남
1517,여
1518,여
1519,남
1520,남
1521,여
1522,여
1523,여
1524,여
1525,여
1526,여
1527,남
1528,남
1529,남
1530,남
1531,여
1532,남
1533,여
1534,남
1535,남
1536,남
1537,여
1538,여
1539,남
1540,여
1541,남
1542,여
1543,여
1544,남
1545,여
1546,여
1547,여
1548,여
1549,여
1550,여
1551,여
1552,여
1553,남
1554,남
1555,여
1556,여
1557,여
1558,남
1559,여
1560,남
1561,남
1562,남
1563,남
1564,남
1565,남
1566,여
1567,여
1568,여
1569,여
1570,남
1571,여
1572,여
1573,남
1574,여
1575,남
1576,남
1577,여
1578,여
1579,남
1580,여
1581,남
1582,남
1583,여
1584,여
1585,남
1586,여
1587,여
1588,남
1589,여
1590,여
1591,남
1592,여
1593,남
1594,여
1595,여
1596,남
1597,남
1598,남
1599,여
1600,남
1601,여
1602,여
1603,남
1604,남
1605,여
1606,남
1607,여
1608,여
1609,남
1610,남
1611,여
1612,남
1613,남
1614,여
1615,남
1616,남
1617,남
1618,여
1619,남
1620,여
1621,여
1622,남
1623,여
1624,남
1625,여
1626,남
1627,남
1628,여
1629,여
1630,남
1631,남
1632,남
1633,여
1634,여
1635,여
1636,남
1637,여
1638,남
1639,여
1640,남
1641,남
1642,여
1643,여
1644,여
1645,남
1646,남
1647,남
1648,남
1649,여
1650,여
1651,여
1652,여
1653,여
1654,여
1655,남
1656,여
1657,여
1658,남
1659,여
1660,여
1661,여
1662,남
1663,남
1664,여
1665,여
1666,여
1667,여
1668,여
1669,남
1670,남
1671,남
1672,남
1673,여
1674,여
1675,남
1676,여
1677,여
1678,남
1679,남
1680,여
1681,여
1682,여
1683,여
1684,남
1685,남
1686,남
1687,여
1688,여
1689,여
1690,남
1691,여
1692,여
1693,남
1694,여
1695,남
1696,여
1697,남
1698,남
1699,여
1700,여
1701,남
1702,여
1703,여
1704,남
1705,여
1706,여
1707,남
1708,여
1709,여
1710,여
1711,남
1712,남
1713,여
1714,여
1715,남
1716,여
1717,남
1718,여
1719,남
1720,남
1721,남
1722,남
1723,여
1724,남
1725,여
1726,남
1727,여
1728,여
1729,여
1730,여
1731,남
1732,여
1733,남
1734,남
1735,여
1736,여
1737,남
1738,여
1739,남
1740,남
1741,남
1742,여
1743,여
1744,남
1745,여
1746,여
1747,여
1748,여
1749,여
1750,남
1751,여
1752,여
1753,여
1754,여
1755,여
1756,남
1757,남
1758,남
1759,남
1760,여
1761,남
1762,남
1763,남
1764,남
1765,여
1766,여
1767,여
1768,여
1769,남
1770,남
1771,여
1772,남
1773,남
1774,남
1775,여
1776,여
1777,남
1778,여
1779,남
1780,남
1781,여
1782,여
1783,여
1784,남
1785,여
1786,여
1787,여
1788,여
1789,여
1790,여
1791,남
1792,남
1793,남
1794,여
1795,여
1796,여
1797,여
1798,남
1799,여
1800,남
1801,여
1802,남
1803,남
1804,남
1805,남
1806,여
1807,남
1808,여
1809,남
1810,남
1811,남
1812,여
1813,여
1814,남
1815,남
1816,여
1817,남
1818,남
1819,여
1820,남
1821,남
1822,남
1823,여
1824,여
1825,여
1826,남
1827,여
1828,여
1829,여
1830,여
1831,남
1832,여
1833,여
1834,남
1835,여
1836,남
1837,남
1838,남
1839,남
1840,남
1841,남
1842,여
1843,남
1844,남
1845,남
1846,여
1847,여
1848,여
1849,남
1850,여
1851,여
1852,여
1853,여
1854,여
1855,남
1856,남
1857,여
1858,여
1859,여
1860,남
1861,남
1862,여
1863,여
1864,남
1865,여
1866,여
1867,여
1868,남
1869,여
1870,남
1871,여
1872,남
1873,여
1874,남
1875,여
1876,여
1877,남
1878,남
1879,남
1880,여
1881,남
1882,여
1883,여
1884,여
1885,남
1886,여
1887,여
1888,여
1889,남
1890,남
1891,남
1892,여
1893,남
1894,여
1895,여
1896,남
1897,여
1898,남
1899,남
1900,여
1901,남
1902,여
1903,남
1904,남
1905,여
1906,남
1907,여
1908,남
1909,남
1910,남
1911,여
1912,남
1913,남
1914,남
1915,여
1916,여
1917,여
1918,여
1919,남
1920,남
1921,여
1922,여
1923,여
1924,여
1925,여
1926,여
1927,남
1928,여
1929,남
1930,여
1931,여
1932,여
1933,남
1934,여
1935,여
1936,여
1937,남
1938,여
1939,여
1940,남
1941,여
1942,남
1943,남
1944,남
1945,여
1946,남
1947,여
1948,남
1949,여
1950,여
1951,여
1952,남
1953,남
1954,여
1955,남
1956,남
1957,여
1958,여
1959,남
1960,여
1961,여
1962,여
1963,여
1964,여
1965,남
1966,여
1967,여
1968,남
1969,여
1970,여
1971,여
1972,여
1973,남
1974,남
1975,여
1976,남
1977,여
1978,여
1979,남
1980,여
1981,여
1982,여
1983,여
1984,여
1985,여
1986,남
1987,여
1988,여
1989,여
1990,남
1991,여
1992,남
1993,남
1994,여
1995,여
1996,남
1997,여
1998,여
1999,여
2000,남
2001,남
2002,여
2003,남
2004,여
2005,여
2006,남
2007,여
2008,여
2009,여
2010,여
2011,남
2012,여
2013,여
2014,여
2015,남
2016,남
2017,여
2018,여
2019,남
2020,여
2021,남
2022,여
2023,여
2024,남
2025,여
2026,남
2027,남
2028,여
2029,여
2030,남
2031,남
2032,여
2033,여
2034,남
2035,남
2036,남
2037,여
2038,여
2039,남
2040,여
2041,여
2042,여
2043,여
2044,남
2045,여
2046,남
2047,여
2048,여
2049,남
2050,여
2051,남
2052,여
2053,여
2054,남
2055,남
2056,여
2057,남
2058,남
2059,여
2060,남
2061,남
2062,여
2063,여
2064,남
2065,여
2066,남
2067,남
2068,여
2069,남
2070,여
2071,여
2072,남
2073,여
2074,여
2075,여
2076,여
2077,남
2078,남
2079,여
2080,남
2081,남
2082,여
2083,여
2084,남
2085,여
2086,남
2087,남
2088,여
2089,남
2090,남
2091,남
2092,여
2093,여
2094,남
2095,남
2096,여
2097,남
2098,남
2099,여
2100,남
2101,남
2102,여
2103,여
2104,남
2105,남
2106,여
2107,여
2108,여
2109,남
2110,남
2111,여
2112,여
2113,여
2114,남
2115,남
2116,남
2117,남
2118,여
2119,여
2120,여
2121,여
2122,여
2123,여
2124,남
2125,여
2126,남
2127,남
2128,여
2129,여
2130,여
2131,남
2132,남
2133,남
2134,남
2135,남
2136,남
2137,여
2138,여
2139,남
2140,남
2141,여
2142,여
2143,남
2144,여
2145,여
2146,남
2147,남
2148,남
2149,여
2150,여
2151,남
2152,여
2153,남
2154,여
2155,여
2156,여
2157,여
2158,여
2159,남
2160,남
2161,여
2162,여
2163,여
2164,남
2165,남
2166,남
2167,여
2168,여
2169,남
2170,남
2171,여
2172,남
2173,남
2174,남
2175,여
2176,여
2177,여
2178,여
2179,여
2180,여
2181,남
2182,남
2183,여
2184,여
2185,여
2186,남
2187,남
2188,남
2189,여
2190,여
2191,남
2192,여
2193,남
2194,여
2195,남
2196,남
2197,남
2198,여
2199,여
2200,남
2201,여
2202,남
2203,남
2204,여
2205,여
2206,여
2207,남
2208,여
2209,여
2210,남
2211,여
2212,여
2213,여
2214,남
2215,남
2216,여
2217,남
2218,남
2219,남
2220,여
2221,남
2222,여
2223,남
2224,여
2225,여
2226,여
2227,여
2228,여
2229,여
2230,여
2231,남
2232,남
2233,남
2234,여
2235,여
2236,남
2237,남
2238,여
2239,여
2240,여
2241,남
2242,여
2243,남
2244,여
2245,남
2246,여
2247,남
2248,남
2249,남
2250,여
2251,여
2252,남
2253,남
2254,여
2255,남
2256,여
2257,여
2258,여
2259,여
2260,남
2261,여
2262,여
2263,여
2264,여
2265,남
2266,여
2267,남
2268,남
2269,여
2270,여
2271,여
2272,여
2273,여
2274,남
2275,남
2276,여
2277,여
2278,여
2279,여
2280,여
2281,여
2282,여
2283,여
2284,여
2285,여
2286,남
2287,여
2288,여
2289,여
2290,여
2291,여
2292,남
2293,여
2294,남
2295,남
2296,여
2297,여
2298,여
2299,여
2300,여
2301,여
2302,여
2303,여
2304,여
2305,여
2306,여
2307,여
2308,남
2309,여
2310,여
2311,남
2312,남
2313,여
2314,여
2315,남
2316,여
2317,여
2318,남
2319,남
2320,남
2321,남
2322,남
2323,남
2324,남
2325,여
2326,여
2327,여
2328,여
2329,남
2330,여
2331,남
2332,남
2333,여
2334,남
2335,남
2336,남
2337,여
2338,남
2339,여
2340,여
2341,남
2342,여
2343,남
2344,여
2345,남
2346,남
2347,여
2348,남
2349,남
2350,남
2351,여
2352,남
2353,여
2354,여
2355,여
2356,여
2357,여
2358,여
2359,남
2360,여
2361,여
2362,남
2363,남
2364,여
2365,남
2366,남
2367,남
2368,여
2369,여
2370,여
2371,여
2372,남
2373,남
2374,여
2375,여
2376,남
2377,남
2378,여
2379,남
2380,여
2381,여
2382,여
2383,남
2384,남
2385,여
2386,남
2387,여
2388,여
2389,여
2390,여
2391,여
2392,남
2393,여
2394,남
2395,여
2396,여
2397,여
2398,여
2399,여
2400,남
2401,여
2402,여
2403,남
2404,여
2405,여
2406,남
2407,여
2408,여
2409,여
2410,남
2411,여
2412,여
2413,여
2414,여
2415,여
2416,여
2417,남
2418,여
2419,여
2420,남
2421,남
2422,여
2423,남
2424,남
2425,남
2426,여
2427,여
2428,여
2429,여
2430,남
2431,남
2432,여
2433,여
2434,남
2435,여
2436,여
2437,여
2438,남
2439,남
2440,여
2441,남
2442,여
2443,남
2444,여
2445,여
2446,여
2447,여
2448,남
2449,남
2450,여
2451,여
2452,여
2453,여
2454,남
2455,여
2456,여
2457,여
2458,남
2459,여
2460,여
2461,남
2462,여
2463,남
2464,여
2465,남
2466,여
2467,여
2468,여
2469,여
2470,남
2471,남
2472,여
2473,여
2474,여
2475,여
2476,남
2477,여
2478,여
2479,여
2480,여
2481,여
2482,남
2483,남
2484,여
2485,여
2486,여
2487,남
2488,여
2489,남
2490,남
2491,남
2492,여
2493,여
2494,남
2495,여
2496,남
2497,여
2498,남
2499,남
2500,남
2501,여
2502,남
2503,여
2504,여
2505,여
2506,남
2507,여
2508,여
2509,남
2510,남
2511,여
2512,남
2513,여
2514,여
2515,여
2516,남
2517,여
2518,남
2519,남
2520,여
2521,여
2522,남
2523,여
2524,여
2525,여
2526,남
2527,남
2528,여
2529,남
2530,남
2531,남
2532,여
2533,남
2534,남
2535,여
2536,남
2537,여
2538,남
2539,여
2540,여
2541,남
2542,남
2543,남
2544,여
2545,남
2546,남
2547,남
2548,여
2549,여
2550,여
2551,남
2552,여
2553,남
2554,여
2555,남
2556,여
2557,남
2558,여
2559,남
2560,여
2561,여
2562,남
2563,여
2564,여
2565,여
2566,여
2567,남
2568,여
2569,여
2570,남
2571,남
2572,여
2573,남
2574,여
2575,여
2576,여
2577,남
2578,여
2579,여
2580,남
2581,여
2582,여
2583,남
2584,여
2585,여
2586,남
2587,여
2588,남
2589,여
2590,여
2591,남
2592,남
2593,남
2594,남
2595,남
2596,여
2597,남
2598,여
2599,남
2600,남
2601,여
2602,남
2603,여
2604,여
2605,남
2606,여
2607,남
2608,여
2609,남
2610,여
2611,여
2612,여
2613,여
2614,여
2615,남
2616,남
2617,여
2618,여
2619,여
2620,여
2621,남
2622,여
2623,남
2624,여
2625,여
2626,남
2627,여
2628,여
2629,여
2630,남
2631,여
2632,여
2633,남
2634,여
2635,여
2636,남
2637,남
2638,여
2639,여
2640,남
2641,여
2642,남
2643,여
2644,여
2645,여
2646,여
2647,여
2648,여
2649,여
2650,남
2651,남
2652,남
2653,남
2654,여
2655,여
2656,남
2657,여
2658,여
2659,남
2660,여
2661,남
2662,여
2663,남
2664,여
2665,남
2666,여
2667,여
2668,남
2669,여
2670,여
2671,여
2672,여
2673,남
2674,여
2675,남
2676,남
2677,여
2678,남
2679,여
2680,여
2681,남
2682,남
2683,남
2684,여
2685,남
2686,여
2687,여
2688,남
2689,여
2690,여
2691,여
2692,여
2693,여
2694,여
2695,남
2696,여
2697,남
2698,남
2699,여
2700,여
2701,여
2702,여
2703,여
2704,여
2705,남
2706,여
2707,여
2708,남
2709,여
2710,남
2711,여
2712,남
2713,남
2714,남
2715,남
2716,남
2717,여
2718,여
2719,남
2720,남
2721,여
2722,남
2723,여
2724,여
2725,남
2726,여
2727,여
2728,여
2729,남
2730,여
2731,여
2732,여
2733,여
2734,여
2735,여
2736,여
2737,여
2738,여
2739,여
2740,여
2741,여
2742,여
2743,여
2744,여
2745,여
2746,남
2747,남
2748,여
2749,남
2750,남
2751,남
2752,남
2753,남
2754,남
2755,여
2756,여
2757,여
2758,남
2759,남
2760,여
2761,여
2762,여
2763,여
2764,남
2765,남
2766,여
2767,여
2768,여
2769,여
2770,여
2771,여
2772,남
2773,여
2774,남
2775,남
2776,여
2777,여
2778,여
2779,여
2780,여
2781,남
2782,남
2783,여
2784,남
2785,남
2786,여
2787,남
2788,여
2789,여
2790,남
2791,여
2792,여
2793,남
2794,남
2795,남
2796,여
2797,여
2798,여
2799,남
2800,남
2801,여
2802,남
2803,남
2804,여
2805,남
2806,여
2807,여
2808,여
2809,남
2810,남
2811,여
2812,남
2813,여
2814,남
2815,남
2816,여
2817,남
2818,여
2819,여
2820,남
2821,남
2822,남
2823,남
2824,여
2825,여
2826,남
2827,여
2828,남
2829,여
2830,여
2831,여
2832,남
2833,여
2834,남
2835,남
2836,여
2837,남
2838,여
2839,남
2840,남
2841,남
2842,여
2843,여
2844,여
2845,여
2846,여
2847,여
2848,남
2849,여
2850,여
2851,남
2852,여
2853,여
2854,여
2855,여
2856,남
2857,남
2858,여
2859,여
2860,여
2861,남
2862,여
2863,여
2864,남
2865,여
2866,여
2867,여
2868,여
2869,남
2870,여
2871,여
2872,남
2873,남
2874,여
2875,여
2876,여
2877,여
2878,여
2879,여
2880,남
2881,남
2882,남
2883,남
2884,여
2885,여
2886,여
2887,여
2888,여
2889,여
2890,여
2891,여
2892,남
2893,여
2894,여
2895,여
2896,남
2897,여
2898,남
2899,남
2900,여
2901,남
2902,남
2903,남
2904,여
2905,남
2906,여
2907,여
2908,여
2909,남
2910,여
2911,여
2912,남
2913,여
2914,남
2915,여
2916,남
2917,여
2918,여
2919,남
2920,남
2921,여
2922,남
2923,남
2924,남
2925,여
2926,여
2927,남
2928,여
2929,여
2930,여
2931,남
2932,여
2933,여
2934,여
2935,남
2936,여
2937,남
2938,여
2939,남
2940,여
2941,여
2942,여
2943,남
2944,여
2945,남
2946,남
2947,여
2948,남
2949,남
2950,여
2951,여
2952,여
2953,여
2954,여
2955,여
2956,여
2957,여
2958,여
2959,여
2960,여
2961,남
2962,여
2963,여
2964,남
2965,여
2966,여
2967,여
2968,여
2969,여
2970,여
2971,여
2972,남
2973,여
2974,남
2975,남
2976,여
2977,남
2978,여
2979,여
2980,남
2981,여
2982,여
2983,여
2984,여
2985,남
2986,남
2987,남
2988,여
2989,남
2990,여
2991,여
2992,여
2993,남
2994,남
2995,남
2996,여
2997,여
2998,여
2999,여
3000,여
3001,남
3002,여
3003,여
3004,남
3005,여
3006,남
3007,여
3008,남
3009,여
3010,여
3011,여
3012,남
3013,여
3014,남
3015,여
3016,여
3017,여
3018,여
3019,여
3020,남
3021,남
3022,여
3023,여
3024,여
3025,남
3026,남
3027,여
3028,남
3029,여
3030,남
3031,남
3032,남
3033,여
3034,여
3035,여
3036,여
3037,여
3038,남
3039,여
3040,여
3041,여
3042,남
3043,여
3044,여
3045,여
3046,남
3047,여
3048,여
3049,여
3050,여
3051,남
3052,남
3053,여
3054,여
3055,남
3056,여
3057,여
3058,여
3059,여
3060,남
3061,여
3062,여
3063,여
3064,여
3065,여
3066,여
3067,여
3068,여
3069,여
3070,남
3071,여
3072,남
3073,여
3074,여
3075,남
3076,여
3077,남
3078,여
3079,남
3080,여
3081,여
3082,여
3083,남
3084,여
3085,남
3086,남
3087,남
3088,남
3089,남
3090,여
3091,여
3092,남
3093,남
3094,남
3095,남
3096,여
3097,남
3098,남
3099,남
3100,여
3101,남
3102,여
3103,여
3104,남
3105,여
3106,남
3107,남
3108,여
3109,남
3110,여
3111,남
3112,남
3113,남
3114,여
3115,여
3116,남
3117,남
3118,남
3119,여
3120,남
3121,여
3122,남
3123,여
3124,여
3125,남
3126,남
3127,남
3128,여
3129,남
3130,여
3131,여
3132,남
3133,여
3134,남
3135,남
3136,남
3137,남
3138,남
3139,남
3140,남
3141,남
3142,남
3143,여
3144,남
3145,여
3146,남
3147,남
3148,여
3149,여
3150,여
3151,남
3152,여
3153,남
3154,여
3155,남
3156,여
3157,여
3158,남
3159,여
3160,여
3161,여
3162,남
3163,여
3164,여
3165,남
3166,여
3167,여
3168,여
3169,남
3170,여
3171,남
3172,여
3173,남
3174,남
3175,남
3176,남
3177,남
3178,여
3179,여
3180,여
3181,여
3182,남
3183,여
3184,여
3185,남
3186,남
3187,여
3188,여
3189,여
3190,남
3191,남
3192,여
3193,여
3194,남
3195,여
3196,여
3197,여
3198,여
3199,여
3200,여
3201,여
3202,남
3203,남
3204,여
3205,남
3206,여
3207,남
3208,남
3209,여
3210,여
3211,남
3212,남
3213,남
3214,남
3215,남
3216,남
3217,여
3218,여
3219,남
3220,여
3221,남
3222,여
3223,여
3224,여
3225,남
3226,남
3227,여
3228,남
3229,남
3230,여
3231,여
3232,남
3233,남
3234,여
3235,여
3236,남
3237,여
3238,여
3239,남
3240,여
3241,여
3242,남
3243,남
3244,남
3245,남
3246,여
3247,여
3248,남
3249,남
3250,여
3251,여
3252,여
3253,여
3254,남
3255,남
3256,여
3257,남
3258,남
3259,남
3260,여
3261,여
3262,남
3263,여
3264,여
3265,남
3266,남
3267,남
3268,남
3269,여
3270,여
3271,남
3272,남
3273,남
3274,여
3275,남
3276,남
3277,여
3278,여
3279,여
3280,여
3281,여
3282,남
3283,남
3284,여
3285,여
3286,남
3287,여
3288,여
3289,남
3290,남
3291,여
3292,여
3293,남
3294,남
3295,남
3296,남
3297,여
3298,남
3299,여
3300,남
3301,남
3302,여
3303,여
3304,여
3305,여
3306,여
3307,여
3308,여
3309,남
3310,여
3311,여
3312,남
3313,여
3314,남
3315,여
3316,여
3317,남
3318,남
3319,남
3320,여
3321,여
3322,여
3323,여
3324,남
3325,여
3326,남
3327,여
3328,여
3329,남
3330,남
3331,여
3332,남
3333,여
3334,남
3335,여
3336,남
3337,여
3338,여
3339,남
3340,남
3341,여
3342,남
3343,남
3344,남
3345,남
3346,남
3347,여
3348,남
3349,여
3350,남
3351,남
3352,여
3353,남
3354,남
3355,여
3356,여
3357,여
3358,남
3359,여
3360,여
3361,남
3362,남
3363,남
3364,여
3365,여
3366,여
3367,남
3368,남
3369,여
3370,여
3371,남
3372,여
3373,여
3374,여
3375,여
3376,남
3377,여
3378,남
3379,여
3380,남
3381,남
3382,남
3383,남
3384,여
3385,여
3386,여
3387,여
3388,남
3389,여
3390,남
3391,남
3392,여
3393,여
3394,남
3395,여
3396,여
3397,남
3398,남
3399,여
3400,남
3401,남
3402,남
3403,여
3404,여
3405,여
3406,남
3407,여
3408,남
3409,여
3410,여
3411,남
3412,여
3413,여
3414,여
3415,남
3416,여
3417,여
3418,여
3419,여
3420,남
3421,여
3422,남
3423,여
3424,여
3425,여
3426,여
3427,남
3428,남
3429,남
3430,여
3431,여
3432,여
3433,남
3434,여
3435,여
3436,남
3437,여
3438,남
3439,여
3440,남
3441,여
3442,여
3443,여
3444,여
3445,여
3446,여
3447,여
3448,여
3449,여
3450,남
3451,남
3452,여
3453,여
3454,여
3455,여
3456,여
3457,남
3458,여
3459,여
3460,여
3461,여
3462,남
3463,여
3464,여
3465,여
3466,남
3467,남
3468,여
3469,여
3470,여
3471,남
3472,여
3473,여
3474,남
3475,여
3476,남
3477,남
3478,여
3479,여
3480,여
3481,여
3482,남
3483,남
3484,여
3485,여
3486,여
3487,여
3488,여
3489,여
3490,남
3491,여
3492,여
3493,남
3494,남
3495,여
3496,남
3497,남
3498,여
3499,여
3500,여
3501,여
3502,남
3503,남
3504,여
3505,여
3506,여
3507,남
3508,여
3509,여
3510,남
3511,여
3512,남
3513,여
3514,여
3515,여
3516,남
3517,남
3518,남
3519,남
3520,여
3521,여
3522,남
3523,여
3524,여
3525,여
3526,남
3527,남
3528,여
3529,남
3530,여
3531,남
3532,여
3533,남
3534,여
3535,여
3536,여
3537,남
3538,남
3539,여
3540,여
3541,여
3542,여
3543,여
3544,여
3545,남
3546,여
3547,여
3548,여
3549,남
3550,여
3551,남
3552,남
3553,남
3554,여
3555,여
3556,남
3557,남
3558,여
3559,남
3560,여
3561,여
3562,남
3563,여
3564,여
3565,여
3566,남
3567,여
3568,남
3569,여
3570,여
3571,남
3572,여
3573,여
3574,여
3575,남
3576,남
3577,남
3578,여
3579,남
3580,남
3581,여
3582,여
3583,여
3584,남
3585,여
3586,여
3587,남
3588,여
3589,여
3590,남
3591,남
3592,남
3593,여
3594,여
3595,여
3596,여
3597,여
3598,여
3599,여
3600,남
3601,남
3602,남
3603,남
3604,여
3605,남
3606,여
3607,여
3608,남
3609,여
3610,남
3611,남
3612,여
3613,여
3614,여
3615,남
3616,여
3617,남
3618,여
3619,남
3620,남
3621,남
3622,남
3623,남
3624,남
3625,여
3626,여
3627,남
3628,남
3629,남
3630,여
3631,남
3632,여
3633,남
3634,여
3635,남
3636,남
3637,남
3638,남
3639,여
3640,여
3641,여
3642,여
3643,남
3644,여
3645,남
3646,여
3647,남
3648,여
3649,남
3650,남
3651,여
3652,여
3653,여
3654,여
3655,남
3656,여
3657,남
3658,남
3659,여
3660,여
3661,여
3662,여
3663,남
3664,남
3665,남
3666,여
3667,여
3668,남
3669,여
3670,여
3671,여
3672,남
3673,남
3674,남
3675,여
3676,남
3677,남
3678,남
3679,남
3680,남
3681,여
3682,여
3683,여
3684,여
3685,남
3686,여
3687,남
3688,여
3689,여
3690,여
3691,여
3692,여
3693,여
3694,여
3695,여
3696,남
3697,여
3698,여
3699,여
3700,남
3701,여
3702,남
3703,여
3704,남
3705,여
3706,여
3707,여
3708,여
3709,여
3710,여
3711,여
3712,남
3713,여
3714,여
3715,남
3716,여
3717,여
3718,남
3719,남
3720,남
3721,여
3722,남
3723,여
3724,여
3725,남
3726,남
3727,여
3728,여
3729,여
3730,남
3731,여
3732,남
3733,여
3734,여
3735,남
3736,남
3737,여
3738,남
3739,남
3740,남
3741,여
3742,여
3743,남
3744,남
3745,여
3746,여
3747,남
3748,여
3749,여
3750,남
3751,남
3752,남
3753,남
3754,여
3755,여
3756,여
3757,남
3758,남
3759,남
3760,여
3761,여
3762,남
3763,남
3764,남
3765,남
3766,여
3767,여
3768,여
3769,여
3770,여
3771,남
3772,남
3773,남
3774,여
3775,여
3776,남
3777,남
3778,남
3779,남
3780,남
3781,여
3782,여
3783,여
3784,여
3785,여
3786,여
3787,남
3788,남
3789,여
3790,여
3791,여
3792,남
3793,여
3794,여
3795,남
3796,남
3797,남
3798,여
3799,여
3800,여
3801,여
3802,여
3803,남
3804,여
3805,여
3806,여
3807,여
3808,여
3809,남
3810,남
3811,여
3812,여
3813,여
3814,여
3815,여
3816,남
3817,여
3818,여
3819,여
3820,여
3821,여
3822,남
3823,남
3824,남
3825,여
3826,여
3827,남
3828,여
3829,여
3830,남
3831,남
3832,여
3833,남
3834,남
3835,여
3836,남
3837,여
3838,여
3839,여
3840,여
3841,남
3842,여
3843,여
3844,여
3845,남
3846,남
3847,남
3848,남
3849,남
3850,남
3851,여
3852,여
3853,남
3854,남
3855,남
3856,여
3857,여
3858,남
3859,남
3860,여
3861,여
3862,남
3863,여
3864,여
3865,여
3866,남
3867,여
3868,여
3869,남
3870,남
3871,여
3872,여
3873,여
3874,남
3875,남
3876,여
3877,여
3878,남
3879,여
3880,남
3881,여
3882,여
3883,여
3884,여
3885,여
3886,여
3887,남
3888,여
3889,남
3890,남
3891,남
3892,여
3893,여
3894,남
3895,남
3896,남
3897,남
3898,남
3899,여
3900,여
3901,여
3902,남
3903,여
3904,여
3905,여
3906,여
3907,여
3908,여
3909,남
3910,여
3911,남
3912,남
3913,여
3914,남
3915,여
3916,여
3917,여
3918,여
3919,여
3920,여
3921,여
3922,여
3923,남
3924,여
3925,남
3926,여
3927,여
3928,남
3929,여
3930,여
3931,여
3932,여
3933,여
3934,여
3935,여
3936,여
3937,여
3938,여
3939,여
3940,남
3941,여
3942,남
3943,남
3944,남
3945,여
3946,남
3947,여
3948,여
3949,여
3950,여
3951,여
3952,여
3953,남
3954,남
3955,여
3956,여
3957,남
3958,남
3959,남
3960,여
3961,여
3962,여
3963,여
3964,여
3965,여
3966,여
3967,여
3968,여
3969,여
3970,여
3971,여
3972,여
3973,여
3974,남
3975,여
3976,남
3977,남
3978,남
3979,여
3980,여
3981,여
3982,남
3983,여
3984,여
3985,남
3986,여
3987,남
3988,여
3989,남
3990,여
3991,여
3992,남
3993,남
3994,남
3995,여
3996,여
3997,여
3998,여
3999,남
4000,남
4001,남
4002,여
4003,여
4004,남
4005,여
4006,여
4007,남
4008,여
4009,여
4010,여
4011,여
4012,여
4013,여
4014,여
4015,여
4016,남
4017,여
4018,여
4019,여
4020,여
4021,남
4022,여
4023,남
4024,남
4025,남
4026,남
4027,여
4028,여
4029,여
4030,남
4031,여
4032,여
4033,여
4034,여
4035,여
4036,남
4037,남
4038,여
4039,여
4040,여
4041,남
4042,여
4043,여
4044,여
4045,남
4046,남
4047,여
4048,남
4049,남
4050,남
4051,여
4052,여
4053,여
4054,여
4055,여
4056,남
4057,여
4058,남
4059,여
4060,남
4061,여
4062,여
4063,여
4064,여
4065,남
4066,여
4067,여
4068,여
4069,남
4070,남
4071,여
4072,여
4073,남
4074,여
4075,남
4076,남
4077,여
4078,여
4079,남
4080,여
4081,남
4082,여
4083,남
4084,여
4085,여
4086,여
4087,남
4088,여
4089,남
4090,여
4091,여
4092,남
4093,남
4094,여
4095,여
4096,여
4097,여
4098,여
4099,여
4100,여
4101,여
4102,남
4103,여
4104,여
4105,여
4106,여
4107,남
4108,여
4109,여
4110,여
4111,여
4112,남
4113,남
4114,남
4115,여
4116,남
4117,남
4118,여
4119,여
4120,남
4121,여
4122,여
4123,여
4124,남
4125,여
4126,남
4127,여
4128,여
4129,남
4130,남
4131,여
4132,여
4133,남
4134,여
4135,여
4136,여
4137,여
4138,여
4139,여
4140,여
4141,여
4142,여
4143,남
4144,남
4145,여
4146,여
4147,여
4148,여
4149,남
4150,남
4151,여
4152,여
4153,남
4154,여
4155,여
4156,남
4157,여
4158,남
4159,남
4160,남
4161,남
4162,여
4163,여
4164,여
4165,남
4166,남
4167,남
4168,여
4169,남
4170,여
4171,여
4172,여
4173,여
4174,여
4175,남
4176,남
4177,남
4178,여
4179,여
4180,남
4181,여
4182,남
4183,남
4184,여
4185,남
4186,여
4187,여
4188,여
4189,여
4190,여
4191,여
4192,남
4193,남
4194,여
4195,여
4196,남
4197,남
4198,여
4199,여
4200,남
4201,여
4202,남
4203,남
4204,여
4205,남
4206,여
4207,남
4208,남
4209,남
4210,여
4211,여
4212,여
4213,여
4214,여
4215,여
4216,여
4217,여
4218,여
4219,남
4220,여
4221,여
4222,여
4223,여
4224,여
4225,여
4226,남
4227,여
4228,여
4229,남
4230,남
4231,남
4232,남
4233,남
4234,남
4235,여
4236,여
4237,여
4238,여
4239,남
4240,여
4241,남
4242,여
4243,여
4244,여
4245,여
4246,여
4247,남
4248,남
4249,여
4250,남
4251,남
4252,여
4253,여
4254,여
4255,남
4256,여
4257,남
4258,여
4259,여
4260,여
4261,남
4262,여
4263,남
4264,남
4265,남
4266,여
4267,여
4268,여
4269,남
4270,여
4271,남
4272,남
4273,남
4274,여
4275,여
4276,여
4277,여
4278,여
4279,여
4280,남
4281,남
4282,여
4283,남
4284,남
4285,여
4286,여
4287,남
4288,여
4289,여
4290,여
4291,남
4292,여
4293,여
4294,여
4295,여
4296,남
4297,남
4298,여
4299,남
4300,남
4301,여
4302,남
4303,남
4304,남
4305,남
4306,여
4307,여
4308,여
4309,남
4310,남
4311,여
4312,남
4313,여
4314,남
4315,남
4316,남
4317,남
4318,남
4319,여
4320,여
4321,여
4322,여
4323,남
4324,여
4325,남
4326,여
4327,남
4328,여
4329,여
4330,남
4331,여
4332,여
4333,여
4334,여
4335,여
4336,여
4337,남
4338,여
4339,남
4340,남
4341,여
4342,남
4343,남
4344,여
4345,남
4346,여
4347,여
4348,남
4349,여
4350,여
4351,남
4352,남
4353,여
4354,남
4355,남
4356,여
4357,남
4358,남
4359,여
4360,여
4361,여
4362,여
4363,남
4364,여
4365,여
4366,남
4367,남
4368,남
4369,여
4370,남
4371,남
4372,여
4373,남
4374,남
4375,여
4376,여
4377,여
4378,남
4379,남
4380,여
4381,여
4382,남
4383,여
4384,남
4385,여
4386,남
4387,남
4388,여
4389,남
4390,남
4391,여
4392,여
4393,여
4394,남
4395,여
4396,여
4397,남
4398,여
4399,여
4400,남
4401,남
4402,여
4403,여
4404,여
4405,여
4406,남
4407,여
4408,남
4409,여
4410,남
4411,여
4412,남
4413,여
4414,여
4415,여
4416,여
4417,남
4418,여
4419,여
4420,여
4421,여
4422,남
4423,여
4424,여
4425,여
4426,남
4427,남
4428,남
4429,여
4430,남
4431,남
4432,남
4433,남
4434,여
4435,여
4436,여
4437,남
4438,남
4439,남
4440,남
4441,남
4442,남
4443,남
4444,여
4445,남
4446,남
4447,남
4448,여
4449,여
4450,남
4451,남
4452,남
4453,여
4454,여
4455,남
4456,남
4457,남
4458,남
4459,여
4460,여
4461,여
4462,여
4463,여
4464,여
4465,여
4466,여
4467,여
4468,남
4469,여
4470,여
4471,여
4472,여
4473,여
4474,남
4475,여
4476,여
4477,여
4478,남
4479,여
4480,남
4481,여
4482,남
4483,남
4484,남
4485,남
4486,남
4487,남
4488,여
4489,남
4490,여
4491,여
4492,남
4493,남
4494,여
4495,여
4496,남
4497,여
4498,남
4499,여
4500,여
4501,여
4502,남
4503,여
4504,남
4505,여
4506,여
4507,남
4508,남
4509,남
4510,여
4511,남
4512,여
4513,남
4514,여
4515,여
4516,여
4517,남
4518,여
4519,여
4520,여
4521,여
4522,여
4523,여
4524,남
4525,여
4526,여
4527,여
4528,남
4529,여
4530,여
4531,여
4532,여
4533,남
4534,여
4535,여
4536,여
4537,남
4538,여
4539,여
4540,여
4541,여
4542,남
4543,남
4544,남
4545,남
4546,여
4547,여
4548,여
4549,남
4550,여
4551,여
4552,여
4553,여
4554,여
4555,여
4556,남
4557,남
4558,여
4559,여
4560,여
4561,여
4562,여
4563,남
4564,남
4565,여
4566,여
4567,남
4568,여
4569,여
4570,여
4571,여
4572,여
4573,여
4574,여
4575,남
4576,여
4577,여
4578,남
4579,여
4580,여
4581,여
4582,남
4583,남
4584,여
4585,여
4586,여
4587,남
4588,남
4589,여
4590,여
4591,남
4592,남
4593,여
4594,남
4595,여
4596,여
4597,여
4598,여
4599,여
4600,여
4601,여
4602,여
4603,여
4604,남
4605,여
4606,남
4607,여
4608,여
4609,여
4610,남
4611,여
4612,여
4613,여
4614,남
4615,여
4616,여
4617,남
4618,여
4619,여
4620,여
4621,남
4622,여
4623,여
4624,여
4625,여
4626,여
4627,여
4628,여
4629,남
4630,여
4631,여
4632,여
4633,여
4634,남
4635,남
4636,여
4637,여
4638,남
4639,여
4640,남
4641,남
4642,남
4643,여
4644,여
4645,남
4646,여
4647,여
4648,여
4649,여
4650,여
4651,여
4652,여
4653,남
4654,남
4655,남
4656,여
4657,남
4658,여
4659,남
4660,남
4661,여
4662,남
4663,여
4664,여
4665,남
4666,남
4667,여
4668,여
4669,여
4670,여
4671,여
4672,남
4673,여
4674,여
4675,여
4676,여
4677,남
4678,남
4679,남
4680,여
4681,남
4682,여
4683,여
4684,남
4685,여
4686,여
4687,남
4688,남
4689,남
4690,남
4691,남
4692,남
4693,남
4694,남
4695,남
4696,남
4697,남
4698,남
4699,남
4700,여
4701,남
4702,남
4703,여
4704,여
4705,여
4706,여
4707,여
4708,여
4709,남
4710,여
4711,여
4712,여
4713,여
4714,여
4715,남
4716,여
4717,여
4718,여
4719,남
4720,남
4721,여
4722,남
4723,남
4724,여
4725,남
4726,여
4727,여
4728,남
4729,남
4730,남
4731,남
4732,남
4733,남
4734,남
4735,남
4736,남
4737,여
4738,여
4739,남
4740,남
4741,여
4742,여
4743,남
4744,여
4745,여
4746,여
4747,남
4748,남
4749,남
4750,남
4751,여
4752,남
4753,남
4754,여
4755,남
4756,여
4757,남
4758,여
4759,여
4760,남
4761,여
4762,여
4763,여
4764,여
4765,여
4766,남
4767,여
4768,남
4769,여
4770,남
4771,남
4772,남
4773,여
4774,여
4775,여
4776,남
4777,남
4778,여
4779,남
4780,여
4781,여
4782,여
4783,여
4784,여
4785,여
4786,여
4787,여
4788,남
4789,남
4790,여
4791,남
4792,남
4793,여
4794,남
4795,남
4796,남
4797,여
4798,여
4799,여
4800,여
4801,여
4802,남
4803,여
4804,여
4805,남
4806,여
4807,여
4808,남
4809,여
4810,여
4811,여
4812,여
4813,남
4814,여
4815,남
4816,남
4817,여
4818,남
4819,여
4820,여
4821,여
4822,남
4823,여
4824,여
4825,남
4826,여
4827,남
4828,여
4829,남
4830,여
4831,남
4832,남
4833,여
4834,남
4835,여
4836,여
4837,남
4838,여
4839,여
4840,여
4841,남
4842,여
4843,여
4844,여
4845,여
4846,남
4847,남
4848,남
4849,여
4850,여
4851,여
4852,남
4853,여
4854,남
4855,여
4856,남
4857,여
4858,남
4859,남
4860,여
4861,여
4862,남
4863,남
4864,남
4865,남
4866,여
4867,여
4868,여
4869,여
4870,남
4871,남
4872,여
4873,여
4874,남
4875,여
4876,남
4877,남
4878,남
4879,여
4880,남
4881,여
4882,여
4883,여
4884,여
4885,여
4886,남
4887,남
4888,여
4889,여
4890,여
4891,남
4892,남
4893,여
4894,남
4895,남
4896,여
4897,남
4898,남
4899,남
4900,여
4901,여
4902,여
4903,여
4904,남
4905,남
4906,남
4907,남
4908,여
4909,여
4910,여
4911,여
4912,남
4913,여
4914,여
4915,남
4916,남
4917,남
4918,남
4919,남
4920,여
4921,남
4922,여
4923,여
4924,남
4925,남
4926,여
4927,여
4928,여
4929,여
4930,여
4931,남
4932,여
4933,여
4934,남
4935,여
4936,여
4937,남
4938,남
4939,남
4940,여
4941,여
4942,여
4943,여
4944,여
4945,여
4946,남
4947,남
4948,여
4949,여
4950,여
4951,남
4952,남
4953,여
4954,여
4955,여
4956,여
4957,여
4958,여
4959,남
4960,남
4961,남
4962,남
4963,여
4964,남
4965,여
4966,여
4967,여
4968,여
4969,남
4970,남
4971,여
4972,여
4973,여
4974,여
4975,남
4976,여
4977,남
4978,여
4979,남
4980,여
4981,여
4982,여
4983,여
4984,여
4985,여
4986,여
4987,남
4988,남
4989,여
4990,남
4991,남
4992,남
4993,여
4994,여
4995,여
4996,여
4997,남
4998,여
4999,여
5000,여
5001,여
5002,여
5003,여
5004,남
5005,남
5006,여
5007,여
5008,여
5009,남
5010,여
5011,여
5012,여
5013,여
5014,여
5015,여
5016,여
5017,남
5018,남
5019,여
5020,여
5021,여
5022,여
5023,남
5024,여
5025,여
5026,여
5027,여
5028,여
5029,남
5030,여
5031,남
5032,여
5033,여
5034,여
5035,여
5036,여
5037,남
5038,남
5039,남
5040,남
5041,여
5042,여
5043,여
5044,남
5045,남
5046,남
5047,여
5048,여
5049,남
5050,남
5051,여
5052,여
5053,남
5054,남
5055,남
5056,여
5057,여
5058,남
5059,여
5060,남
5061,남
5062,여
5063,남
5064,남
5065,여
5066,여
5067,여
5068,여
5069,여
5070,남
5071,남
5072,여
5073,남
5074,여
5075,여
5076,남
5077,여
5078,여
5079,남
5080,여
5081,남
5082,여
5083,남
5084,여
5085,여
5086,여
5087,남
5088,여
5089,여
5090,남
5091,여
5092,남
5093,남
5094,여
5095,남
5096,여
5097,남
5098,여
5099,남
5100,여
5101,여
5102,남
5103,여
5104,여
5105,여
5106,남
5107,남
5108,여
5109,여
5110,남
5111,남
5112,여
5113,여
5114,남
5115,여
5116,남
5117,남
5118,여
5119,여
5120,남
5121,남
5122,여
5123,여
5124,남
5125,여
5126,여
5127,남
5128,여
5129,여
5130,여
5131,여
5132,남
5133,여
5134,여
5135,남
5136,여
5137,여
5138,남
5139,여
5140,여
5141,여
5142,여
5143,남
5144,여
5145,남
5146,남
5147,여
5148,여
5149,여
5150,남
5151,여
5152,남
5153,남
5154,남
5155,여
5156,남
5157,남
5158,여
5159,남
5160,남
5161,남
5162,여
5163,여
5164,여
5165,여
5166,남
5167,여
5168,여
5169,남
5170,여
5171,남
5172,여
5173,여
5174,여
5175,여
5176,여
5177,남
5178,여
5179,여
5180,여
5181,여
5182,여
5183,여
5184,남
5185,여
5186,여
5187,남
5188,남
5189,남
5190,여
5191,여
5192,남
5193,여
5194,남
5195,여
5196,남
5197,여
5198,남
5199,여
5200,여
5201,여
5202,남
5203,여
5204,남
5205,남
5206,여
5207,여
5208,여
5209,여
5210,남
5211,남
5212,여
5213,여
5214,여
5215,남
5216,여
5217,여
5218,남
5219,여
5220,여
5221,남
5222,남
5223,여
5224,남
5225,여
5226,남
5227,여
5228,남
5229,여
5230,여
5231,여
5232,남
5233,여
5234,남
5235,남
5236,남
5237,남
5238,여
5239,남
5240,남
5241,여
5242,여
5243,남
5244,남
5245,남
5246,남
5247,여
5248,여
5249,여
5250,여
5251,남
5252,여
5253,여
5254,남
5255,여
5256,여
5257,남
5258,남
5259,남
5260,남
5261,여
5262,여
5263,남
5264,남
5265,여
5266,여
5267,남
5268,여
5269,남
5270,남
5271,남
5272,남
5273,남
5274,남
5275,남
5276,여
5277,남
5278,여
5279,여
5280,남
5281,여
5282,남
5283,여
5284,남
5285,여
5286,여
5287,남
5288,여
5289,남
5290,여
5291,남
5292,남
5293,여
5294,여
5295,여
5296,남
5297,여
5298,여
5299,여
5300,남
5301,남
5302,남
5303,여
5304,남
5305,여
5306,여
5307,여
5308,남
5309,남
5310,여
5311,남
5312,남
5313,여
5314,여
5315,여
5316,여
5317,남
5318,여
5319,남
5320,여
5321,여
5322,남
5323,남
5324,여
5325,남
5326,여
5327,여
5328,남
5329,남
5330,남
5331,여
5332,여
5333,여
5334,여
5335,여
5336,여
5337,남
5338,여
5339,여
5340,여
5341,남
5342,남
5343,남
5344,여
5345,여
5346,남
5347,남
5348,여
5349,남
5350,여
5351,남
5352,여
5353,여
5354,여
5355,여
5356,여
5357,남
5358,여
5359,여
5360,여
5361,여
5362,남
5363,남
5364,여
5365,남
5366,여
5367,남
5368,남
5369,남
5370,여
5371,여
5372,여
5373,여
5374,남
5375,남
5376,여
5377,여
5378,여
5379,여
5380,남
5381,남
5382,여
5383,남
5384,여
5385,남
5386,여
5387,남
5388,여
5389,남
5390,여
5391,남
5392,남
5393,여
5394,여
5395,여
5396,남
5397,여
5398,남
5399,여
5400,남
5401,남
5402,남
5403,여
5404,남
5405,여
5406,여
5407,남
5408,여
5409,여
5410,여
5411,여
5412,남
5413,여
5414,여
5415,여
5416,여
5417,여
5418,여
5419,남
5420,남
5421,남
5422,남
5423,여
5424,여
5425,여
5426,남
5427,남
5428,여
5429,남
5430,여
5431,남
5432,남
5433,여
5434,여
5435,여
5436,여
5437,여
5438,여
5439,남
5440,여
5441,여
5442,남
5443,남
5444,여
5445,여
5446,남
5447,남
5448,여
5449,여
5450,남
5451,남
5452,여
5453,여
5454,여
5455,남
5456,여
5457,여
5458,여
5459,남
5460,여
5461,남
5462,남
5463,남
5464,여
5465,여
5466,여
5467,여
5468,여
5469,여
5470,여
5471,여
5472,남
5473,남
5474,남
5475,여
5476,남
5477,여
5478,남
5479,여
5480,여
5481,남
5482,남
