name,throw_bat,year,decade,avg,obp,slg,ops,hr,rbi,rank,team_game
寥檣繭,辦辦,1982,1980,0.412,0.502,0.74,1.242,19,64,1,80
檜謙彰,辦辦,1994,1990,0.393,0.454,0.581,1.035,19,77,1,126
濰螟,謝謝,1987,1980,0.387,0.468,0.493,0.961,2,58,1,108
纔歜鍔,辦謝,2015,2010,0.381,0.503,0.79,1.294,47,140,1,144
譆⑽辦,辦謝,2016,2010,0.376,0.47,0.651,1.121,31,144,1,144
濰螟,謝謝,1985,1980,0.373,0.458,0.543,1.001,11,65,1,110
葆п艙,辦辦,1999,1990,0.372,0.448,0.672,1.12,35,119,1,132
夢辨鷗,辦謝,2009,2000,0.372,0.423,0.582,1.004,18,74,1,133
姨瘓,辦辦,2009,2000,0.371,0.442,0.533,0.975,12,64,2,133
憮勒璽,辦謝,2014,2010,0.37,0.436,0.547,0.983,7,67,1,128
梯摹綴,辦辦,2017,2010,0.37,0.419,0.477,0.896,5,64,1,144
濰螟,謝謝,1983,1980,0.369,0.475,0.618,1.093,18,62,1,100
夢勒辦,辦辦,2017,2010,0.366,0.423,0.582,1.005,20,78,2,144
梯鷓敕2,辦辦,2014,2010,0.365,0.467,0.564,1.031,18,84,2,128
梯鷓敕2,辦辦,2016,2010,0.365,0.48,0.569,1.049,23,136,2,144
檜渠,辦辦,2010,2000,0.364,0.446,0.667,1.114,44,133,1,133
梯鷓敕2,辦辦,2012,2010,0.363,0.478,0.536,1.014,16,80,1,133
夢團辦,辦謝,2017,2010,0.363,0.442,0.472,0.914,3,47,3,144
槳嬴撥,辦謝,2014,2010,0.362,0.458,0.538,0.996,18,80,3,128
嶸и遽,辦辦,2015,2010,0.362,0.436,0.579,1.014,23,116,2,144
梯⑷熱,辦謝,2018,2010,0.362,0.423,0.589,1.013,20,101,1,144
檜薑,謝謝,1992,1990,0.36,0.442,0.621,1.062,25,68,1,126
曄曖雖,辦辦,2018,2010,0.358,0.433,0.585,1.018,23,77,2,144
梯⑷熱,辦謝,2008,2000,0.357,0.456,0.509,0.964,9,89,1,126
梯⑷熱,辦謝,2009,2000,0.357,0.452,0.589,1.042,23,104,3,133
檜渠,辦辦,2011,2010,0.357,0.438,0.578,1.016,27,113,1,133
鬼薑,辦辦,2014,2010,0.356,0.461,0.739,1.2,40,117,4,128
譆⑽辦,辦謝,2014,2010,0.356,0.431,0.649,1.08,31,100,5,128
曄遽⑶,謝謝,2001,2000,0.355,0.454,0.51,0.964,14,92,1,133
檜薑,辦謝,2018,2010,0.355,0.416,0.477,0.893,6,57,3,144
梯鼻,謝謝,1988,1980,0.354,0.422,0.508,0.93,8,52,1,108
曄曖雖,辦辦,2019,2010,0.354,0.444,0.574,1.018,20,68,1,144
譆⑽辦,辦謝,2020,2010,0.354,0.433,0.59,1.023,28,115,1,144
梯翕輿,辦辦,2009,2000,0.353,0.459,0.593,1.052,19,86,4,133
檜辨敘,謝謝,2016,2010,0.352,0.433,0.434,0.867,3,41,3,144
槳嬴撥,辦謝,2020,2010,0.352,0.415,0.493,0.907,11,85,2,144
梯謙賅,辦辦,1983,1980,0.35,0.406,0.524,0.93,11,44,2,100
梯撩楚,辦辦,1988,1980,0.35,0.456,0.516,0.972,10,54,2,108
薑斬辦,辦辦,2009,2000,0.35,0.439,0.483,0.923,9,59,5,133
姨瘓,辦辦,2010,2000,0.35,0.43,0.601,1.031,26,116,2,133
檜煽敘,謝謝,1999,1990,0.349,0.395,0.62,1.015,30,99,2,132
掘濠遵,辦謝,2015,2010,0.349,0.421,0.534,0.955,11,57,3,144
煎ж蝶,辦曄,2020,2010,0.349,0.417,0.68,1.097,47,135,3,144
檜薑,謝謝,1991,1990,0.348,0.416,0.602,1.018,17,55,1,126
檜煽敘,謝謝,2013,2010,0.348,0.387,0.455,0.841,5,74,1,128
葆腦纔,辦辦,2015,2010,0.348,0.421,0.569,0.99,20,89,4,144
濰螟,謝謝,1991,1990,0.347,0.455,0.488,0.943,4,54,2,126
釭撩彰,謝謝,2017,2010,0.347,0.418,0.584,1.002,24,99,4,144
曄遽⑶,謝謝,1996,1990,0.346,0.456,0.624,1.08,28,87,1,126
梯輿雙,辦辦,2014,2010,0.346,0.393,0.514,0.907,9,46,6,128
梯輿雙,辦辦,2016,2010,0.346,0.39,0.566,0.955,23,101,4,144
夢辨鷗,辦謝,2016,2010,0.346,0.417,0.458,0.875,11,90,5,144
濰謙,辦辦,1991,1990,0.345,0.452,0.64,1.092,35,114,3,126
槳嬴撥,辦謝,2013,2010,0.345,0.423,0.474,0.897,11,69,2,128
團煽ь,辦辦,2014,2010,0.345,0.393,0.5,0.893,12,79,7,128
夢煽,辦辦,2018,2010,0.345,0.46,0.718,1.177,43,112,4,144
夢團辦,辦謝,2020,2010,0.345,0.402,0.475,0.877,8,63,4,144
檜虜熱,辦辦,1987,1980,0.344,0.44,0.579,1.019,18,76,2,108
梯晦鷓,謝謝,1997,1990,0.344,0.462,0.636,1.098,26,79,1,126
褕營з,謝謝,2001,2000,0.344,0.472,0.599,1.071,24,88,2,133
夢辨鷗,辦謝,2017,2010,0.344,0.431,0.479,0.91,14,90,5,144
夢團辦,辦謝,2019,2010,0.344,0.406,0.434,0.84,1,45,2,144
む腦陪等蝶2,辦謝,2019,2010,0.344,0.413,0.483,0.896,15,88,3,144
濰撩,謝謝,2002,2000,0.343,0.45,0.522,0.972,19,95,1,133
粽瑛夥,辦辦,2004,2000,0.343,0.471,0.608,1.08,33,105,1,133
夢辨鷗,辦謝,2014,2010,0.343,0.434,0.461,0.895,9,73,8,128
纔歜鍔,辦謝,2014,2010,0.343,0.427,0.688,1.116,37,121,9,128
夢煽,辦辦,2015,2010,0.343,0.439,0.714,1.153,53,146,5,144
掘濠遵,辦謝,2016,2010,0.343,0.422,0.547,0.969,14,77,6,144
夢團辦,辦謝,2016,2010,0.343,0.417,0.428,0.845,3,55,7,144
彌翕敕,謝謝,1982,1980,0.342,0.433,0.532,0.965,8,47,2,80
夢謙,謝謝,1985,1980,0.342,0.39,0.471,0.861,6,51,2,110
曄遽⑶,謝謝,1998,1990,0.342,0.453,0.59,1.042,27,89,1,126
濰撩,謝謝,1999,1990,0.342,0.424,0.561,0.985,24,62,3,132
梯翕輿,辦辦,2003,2000,0.342,0.462,0.581,1.043,23,89,1,133
檜霞艙,謝謝,2004,2000,0.342,0.435,0.505,0.939,15,63,2,133
譆⑽辦,辦謝,2017,2010,0.342,0.456,0.576,1.032,26,120,6,144
寰纂,辦辦,2018,2010,0.342,0.398,0.563,0.961,23,118,5,144
瞪遽辦,辦辦,2018,2010,0.342,0.4,0.592,0.992,33,90,6,144
曄遽⑶,謝謝,1993,1990,0.341,0.442,0.598,1.041,23,90,1,126
檜辨敘,謝謝,2015,2010,0.341,0.422,0.424,0.846,4,42,6,144
檜虜熱,辦辦,1984,1980,0.34,0.414,0.633,1.048,23,80,1,100
梯и熱,辦辦,1999,1990,0.34,0.395,0.525,0.92,18,88,4,132
夢謙,辦曄,2000,1990,0.34,0.418,0.49,0.907,10,58,1,133
縑溯塭,謝謝,2001,2000,0.34,0.382,0.517,0.898,15,63,3,133
譆⑽辦,辦謝,2011,2010,0.34,0.435,0.617,1.052,30,118,2,133
梯營,辦謝,2017,2010,0.34,0.432,0.603,1.035,35,115,7,144
梯輿雙,辦辦,2018,2010,0.34,0.382,0.52,0.902,18,93,7,144
む腦陪等蝶,辦謝,2020,2010,0.34,0.404,0.497,0.901,21,105,5,144
姘挨,謝謝,1984,1980,0.339,0.418,0.539,0.957,11,53,2,100
梯翕輿,辦辦,2000,1990,0.339,0.418,0.603,1.022,31,106,2,133
寰纂,辦辦,2014,2010,0.339,0.392,0.544,0.935,18,88,10,128
煎餌葬螃,辦辦,2017,2010,0.339,0.418,0.661,1.078,37,111,8,144
嶸и遽,辦辦,2018,2010,0.339,0.405,0.533,0.938,20,83,8,144
譆⑽辦,辦謝,2018,2010,0.339,0.419,0.549,0.969,25,103,9,144
粽葬傳,辦辦,2000,1990,0.338,0.398,0.533,0.931,15,70,3,133
歎雖虜,辦辦,2000,1990,0.338,0.412,0.622,1.034,32,90,4,133
檜⑷堆,辦辦,2007,2000,0.338,0.389,0.419,0.808,2,48,1,126
檜煽敘,謝謝,2011,2010,0.338,0.375,0.487,0.862,16,75,3,133
梯惜葡,謝謝,1995,1990,0.337,0.402,0.432,0.834,7,49,1,126
檜煽敘,謝謝,2005,2000,0.337,0.392,0.455,0.847,9,75,1,126
曄遽⑶,謝謝,2007,2000,0.337,0.457,0.563,1.02,22,72,2,126
檜營錳,辦辦,2014,2010,0.337,0.423,0.507,0.93,12,83,11,128
濰鷓熱,辦辦,1982,1980,0.336,0.452,0.477,0.929,3,27,3,80
檜渠,辦辦,2006,2000,0.336,0.41,0.571,0.981,26,88,1,126
褻撩,辦辦,2010,2000,0.336,0.391,0.469,0.86,8,52,3,133
嶸и遽,辦辦,2016,2010,0.336,0.407,0.493,0.9,14,64,8,144
鬼寥,辦謝,2019,2010,0.336,0.419,0.495,0.915,13,65,4,144
檜薑,辦謝,2019,2010,0.336,0.387,0.456,0.843,6,68,5,144
檜薑,謝謝,1987,1980,0.335,0.385,0.441,0.826,4,34,3,108
檜鬼絲,謝謝,1990,1980,0.335,0.402,0.518,0.92,16,84,1,120
и渠,辦辦,1990,1980,0.335,0.437,0.505,0.942,15,86,2,120
夢薑鷓,辦辦,1992,1990,0.335,0.427,0.539,0.967,14,79,2,126
褕薑熱,辦辦,1999,1990,0.335,0.41,0.606,1.017,31,110,5,132
等檜綠蝶,謝謝,2001,2000,0.335,0.409,0.558,0.967,30,96,4,133
ˉ,辦曄,2001,2000,0.335,0.507,0.695,1.202,36,102,5,133
褕薑熱,辦辦,2003,2000,0.335,0.484,0.72,1.204,53,142,2,133
檜渠,辦辦,2007,2000,0.335,0.458,0.6,1.058,29,87,3,126
夢勒辦,辦辦,2016,2010,0.335,0.391,0.55,0.94,20,83,9,144
窕蝐,辦辦,2016,2010,0.335,0.399,0.57,0.97,27,113,10,144
槳嬴撥,辦謝,2017,2010,0.335,0.422,0.514,0.936,20,80,9,144
褐唳衝,謝謝,1982,1980,0.334,0.382,0.468,0.849,4,54,4,80
檜艙辦,謝謝,1999,1990,0.334,0.4,0.522,0.923,13,49,6,132
等檜綠蝶,謝謝,2000,1990,0.334,0.372,0.566,0.938,22,80,5,133
堅謙遵,辦謝,2016,2010,0.334,0.373,0.455,0.828,8,72,11,144
梯營,辦謝,2018,2010,0.334,0.41,0.657,1.067,44,133,10,144
梯撩и,辦辦,1985,1980,0.333,0.396,0.575,0.971,22,75,3,110
喻雙膨,辦辦,1990,1980,0.333,0.408,0.45,0.857,5,51,3,120
室鶹,辦辦,1992,1990,0.333,0.443,0.529,0.972,17,97,3,126
寰唳⑷,辦辦,2003,2000,0.333,0.395,0.467,0.862,10,72,3,133
檜辨敘,謝謝,2011,2010,0.333,0.424,0.401,0.825,3,33,4,133
掘濠遵,辦謝,2018,2010,0.333,0.393,0.533,0.926,20,84,11,144
檜渠,辦辦,2018,2010,0.333,0.397,0.593,0.99,37,125,12,144
譆輿,辦謝,2018,2010,0.333,0.403,0.582,0.985,26,108,13,144
檜薑,辦謝,2020,2010,0.333,0.397,0.524,0.921,15,101,6,144
梯撩楚,辦辦,1987,1980,0.332,0.416,0.569,0.985,22,70,4,108
檜謙彰,辦辦,1996,1990,0.332,0.426,0.566,0.992,25,76,2,126
室鶹,辦辦,1996,1990,0.332,0.455,0.533,0.988,17,67,3,126
む顫雖棲,謝謝,2009,2000,0.332,0.474,0.575,1.048,26,100,6,133
檜蝓膨,謝謝,2015,2010,0.332,0.391,0.562,0.953,26,90,7,144
憮勒璽,辦謝,2017,2010,0.332,0.406,0.429,0.834,6,76,10,144
檜貲晦,謝謝,2017,2010,0.332,0.363,0.459,0.823,9,63,11,144
ъ唳團,辦辦,2020,2010,0.332,0.382,0.442,0.824,7,58,7,144
梯瑰翱,辦辦,1982,1980,0.331,0.406,0.636,1.042,22,52,5,80
梯謙賅,辦辦,1987,1980,0.331,0.376,0.458,0.834,9,41,5,108
姨瘓,辦辦,2008,2000,0.331,0.371,0.442,0.814,8,63,2,126
檜霞艙,謝謝,2010,2000,0.331,0.383,0.46,0.843,7,50,4,133
夢и檜,謝謝,2014,2010,0.331,0.395,0.443,0.838,9,80,12,128
瓣擎撩,辦辦,2018,2010,0.331,0.382,0.548,0.93,25,119,14,144
梯⑷熱,辦謝,2020,2010,0.331,0.397,0.523,0.92,22,119,8,144
楝Щ,辦辦,2018,2010,0.33,0.424,0.605,1.029,33,125,15,144
鬼寥,辦謝,2020,2010,0.33,0.411,0.544,0.955,23,89,9,144
ъ敘螟,謝謝,1985,1980,0.329,0.377,0.45,0.826,3,22,4,110
濰螟,謝謝,1986,1980,0.329,0.44,0.467,0.907,6,41,1,108
檜蝓膨,謝謝,1997,1990,0.329,0.393,0.598,0.99,32,114,2,126
夢薑鷓,辦辦,1999,1990,0.329,0.414,0.452,0.866,11,83,7,132
曄遽⑶,謝謝,2003,2000,0.329,0.393,0.614,1.008,33,92,4,133
姨瘓,辦辦,2004,2000,0.329,0.384,0.475,0.859,14,86,3,133
檜霞艙,謝謝,2013,2010,0.329,0.392,0.429,0.822,3,62,3,128
釭撩彰,謝謝,2014,2010,0.329,0.4,0.597,0.997,30,101,13,128
薑撩,辦辦,2014,2010,0.329,0.426,0.501,0.927,13,59,14,128
槳嬴撥,辦謝,2018,2010,0.329,0.404,0.546,0.95,26,93,16,144
檜營錳,辦辦,2018,2010,0.329,0.406,0.514,0.919,17,57,17,144
曄遽⑶,謝謝,1997,1990,0.328,0.462,0.627,1.089,30,98,3,126
等檜綠蝶,謝謝,1999,1990,0.328,0.38,0.57,0.95,30,106,8,132
葆п艙,辦辦,2001,2000,0.328,0.418,0.557,0.975,30,95,6,133
檜霞艙,謝謝,2003,2000,0.328,0.4,0.52,0.92,17,70,5,133
譆薑,辦辦,2008,2000,0.328,0.403,0.48,0.883,12,61,3,126
夢辨鷗,辦謝,2013,2010,0.328,0.398,0.435,0.833,7,67,4,128
曄曖雖,辦辦,2020,2010,0.328,0.4,0.603,1.003,33,124,10,144
梯撩и,辦辦,1983,1980,0.327,0.402,0.448,0.85,7,40,3,100
梯辨繹,辦辦,1984,1980,0.327,0.397,0.59,0.987,21,67,3,100
梯惜葡,謝謝,1987,1980,0.327,0.394,0.412,0.806,2,17,6,108
堅錳睡,辦辦,1989,1980,0.327,0.407,0.439,0.845,6,45,1,120
ˉ,辦曄,1999,1990,0.327,0.43,0.636,1.067,36,122,9,132
Щ嫌囀,辦辦,2000,1990,0.327,0.408,0.509,0.917,22,110,6,133
褻撩,辦辦,2008,2000,0.327,0.387,0.463,0.85,10,81,4,126
歎惜團,辦辦,2017,2010,0.327,0.359,0.476,0.835,13,75,12,144
ъ敘螟,謝謝,1987,1980,0.326,0.37,0.451,0.822,3,39,7,108
濰謙,辦辦,1995,1990,0.326,0.427,0.562,0.989,22,78,2,126
夢營,辦辦,1997,1990,0.326,0.444,0.619,1.063,27,69,4,126
褐翕輿,辦辦,1997,1990,0.326,0.396,0.581,0.977,21,66,5,126
槳嬴撥,辦謝,2011,2010,0.326,0.387,0.507,0.894,15,83,5,133
Я縑,謝謝,2014,2010,0.326,0.383,0.524,0.906,17,92,15,128
梯⑷熱,辦謝,2015,2010,0.326,0.444,0.541,0.985,28,121,8,144
釭撩彰,謝謝,2015,2010,0.326,0.376,0.553,0.929,28,135,9,144
夢辨鷗,辦謝,2015,2010,0.326,0.375,0.503,0.878,18,83,10,144
曄曖雖,辦辦,2015,2010,0.326,0.408,0.523,0.931,20,93,11,144
夢勒辦,辦辦,2018,2010,0.326,0.374,0.473,0.847,12,84,18,144
鬼晦錠,辦辦,1993,1990,0.325,0.365,0.501,0.866,16,75,2,126
薑熱斬,謝謝,1999,1990,0.325,0.408,0.424,0.831,2,55,10,132
梯營⑷,謝謝,2001,2000,0.325,0.44,0.453,0.893,8,61,7,133
瞪遽,謝謝,2001,2000,0.325,0.418,0.43,0.848,4,35,8,133
檜霞艙,謝謝,2014,2010,0.325,0.39,0.425,0.815,6,65,16,128
в,辦辦,2015,2010,0.325,0.378,0.517,0.895,22,101,12,144
梯僥,謝謝,2016,2010,0.325,0.4,0.43,0.83,7,70,12,144
梯營,辦謝,2016,2010,0.325,0.41,0.628,1.038,37,124,13,144
團煽ь,辦辦,2016,2010,0.325,0.398,0.495,0.893,16,87,14,144
憮勒璽,辦謝,2016,2010,0.325,0.407,0.441,0.848,7,63,15,144
歎惜團,辦辦,2016,2010,0.325,0.365,0.508,0.873,17,83,16,144
檜謙紫,辦辦,1982,1980,0.324,0.399,0.498,0.898,11,48,6,80
濰螟,謝謝,1984,1980,0.324,0.424,0.498,0.923,7,44,4,100
堅錳睡,辦辦,1987,1980,0.324,0.403,0.421,0.824,7,51,8,108
梯撩и,辦辦,1988,1980,0.324,0.384,0.577,0.961,30,89,3,108
檜謙彰,辦辦,1997,1990,0.324,0.43,0.581,1.011,30,74,6,126
濰撩,謝謝,2000,1990,0.324,0.436,0.489,0.925,14,48,7,133
梯翕輿,辦辦,2001,2000,0.324,0.407,0.522,0.929,18,62,9,133
梯鷓敕2,辦辦,2008,2000,0.324,0.422,0.622,1.044,31,92,5,126
檜薑,辦謝,2017,2010,0.324,0.395,0.417,0.812,2,47,13,144
夢團辦,辦謝,2018,2010,0.324,0.384,0.438,0.822,5,33,19,144
ъ唳團,辦辦,2018,2010,0.324,0.378,0.459,0.837,10,79,20,144
釭撩彰,謝謝,2020,2010,0.324,0.39,0.596,0.987,34,112,11,144
梯團,謝謝,1988,1980,0.323,0.416,0.489,0.905,14,64,4,108
憮薑,辦辦,1988,1980,0.323,0.376,0.367,0.743,0,29,5,108
檜虜熱,辦辦,1988,1980,0.323,0.42,0.558,0.978,18,58,6,108
梯擬措,謝謝,1994,1990,0.323,0.403,0.483,0.885,8,55,2,126
曄遽⑶,謝謝,1999,1990,0.323,0.423,0.567,0.989,32,105,11,132
檜蝓膨,謝謝,1999,1990,0.323,0.461,0.733,1.193,54,123,12,132
檜煽敘,謝謝,2000,1990,0.323,0.387,0.482,0.869,18,99,8,133
濰錳霞,辦曄,2000,1990,0.323,0.376,0.433,0.809,7,59,9,133
葆п艙,辦辦,2002,2000,0.323,0.39,0.592,0.982,33,116,2,133
檜蝓膨,謝謝,2002,2000,0.323,0.437,0.689,1.126,47,126,3,133
梯鷓敕2,辦辦,2004,2000,0.323,0.417,0.529,0.946,23,106,4,133
檜煽敘,謝謝,2004,2000,0.323,0.396,0.468,0.863,14,64,5,133
等檜綠蝶,謝謝,2005,2000,0.323,0.417,0.545,0.962,24,86,2,126
薑斬辦,辦辦,2007,2000,0.323,0.386,0.484,0.87,9,44,4,126
檜渠⑽,謝謝,2014,2010,0.323,0.37,0.401,0.771,1,40,17,128
鬼團,辦辦,2016,2010,0.323,0.435,0.549,0.984,20,72,17,144
槳嬴撥,辦謝,2016,2010,0.323,0.419,0.468,0.887,16,81,18,144
堅謙遵,辦謝,2019,2010,0.323,0.348,0.421,0.769,3,56,6,144
檜虜熱,辦辦,1985,1980,0.322,0.413,0.571,0.984,22,87,5,110
鬼晦錠,辦辦,1989,1980,0.322,0.353,0.387,0.74,1,33,2,120
梯鼻,謝謝,1990,1980,0.322,0.392,0.453,0.845,6,58,4,120
梯團,謝謝,1992,1990,0.322,0.425,0.525,0.95,16,88,4,126
鬼戮繭,辦辦,1997,1990,0.322,0.375,0.43,0.805,7,34,7,126
夢и檜,謝謝,2003,2000,0.322,0.397,0.458,0.855,12,59,6,133
檜鷗斬,辦辦,2006,2000,0.322,0.392,0.446,0.838,9,66,2,126
梯翕輿,辦辦,2007,2000,0.322,0.459,0.534,0.993,19,78,5,126
梯⑷熱,辦謝,2014,2010,0.322,0.4,0.488,0.888,17,90,18,128
煎ж蝶,辦曄,2019,2010,0.322,0.384,0.53,0.914,24,104,7,144
彌湯敘,謝謝,1994,1990,0.321,0.38,0.5,0.88,11,51,3,126
梯晦鷓,謝謝,1995,1990,0.321,0.425,0.51,0.935,12,72,3,126
梯擬措,謝謝,1996,1990,0.321,0.409,0.457,0.866,9,64,4,126
褻錳辦,辦辦,1997,1990,0.321,0.335,0.441,0.776,5,49,8,126
瞪遽,謝謝,1998,1990,0.321,0.392,0.422,0.814,5,43,2,126
梯翕輿,辦辦,1999,1990,0.321,0.397,0.564,0.961,22,84,13,132
褕薑熱,辦辦,2002,2000,0.321,0.406,0.643,1.049,46,119,4,133
觼瑞鍔,謝謝,2007,2000,0.321,0.425,0.55,0.975,22,85,6,126
譆遽戮,辦辦,2010,2000,0.321,0.398,0.542,0.94,22,82,5,133
窕蝐,辦辦,2014,2010,0.321,0.388,0.475,0.864,12,76,19,128
夢戮團,辦辦,2015,2010,0.321,0.446,0.551,0.998,26,116,13,144
煎餌葬螃,辦辦,2016,2010,0.321,0.368,0.593,0.961,33,120,19,144
纔歜鍔,辦謝,2016,2010,0.321,0.433,0.679,1.112,40,121,20,144
瞪遽辦,辦辦,2017,2010,0.321,0.37,0.503,0.874,18,69,14,144
и渠,辦辦,1988,1980,0.32,0.4,0.528,0.929,18,57,7,108
檜鬼絲,謝謝,1992,1990,0.32,0.382,0.524,0.905,13,60,5,126
粽葬傳,辦辦,2001,2000,0.32,0.428,0.54,0.968,22,80,10,133
梯晦鷓,謝謝,2004,2000,0.32,0.401,0.454,0.855,10,67,6,133
檜渠⑽,謝謝,2016,2010,0.32,0.364,0.358,0.723,1,42,21,144
幗釭蛤釭,謝謝,2017,2010,0.32,0.376,0.54,0.916,27,111,15,144
檜渠,辦辦,2017,2010,0.32,0.393,0.533,0.927,34,111,16,144
梯擬措,謝謝,1992,1990,0.319,0.406,0.504,0.909,10,79,6,126
梯鷓敕2,辦辦,2003,2000,0.319,0.422,0.572,0.994,31,95,7,133
檜艙辦,謝謝,2004,2000,0.319,0.412,0.476,0.888,13,60,7,133
梯鷓敕2,辦辦,2013,2010,0.319,0.448,0.475,0.924,10,52,5,128
團煽ь,辦辦,2013,2010,0.319,0.382,0.48,0.863,9,65,6,128
梯撩⑷,辦辦,2016,2010,0.319,0.367,0.428,0.795,8,65,22,144
夢勒辦,辦辦,2019,2010,0.319,0.405,0.465,0.87,10,64,8,144
夢繹辦,謝謝,1989,1980,0.318,0.379,0.482,0.862,13,59,3,120
褻辨,謝謝,1991,1990,0.318,0.403,0.399,0.802,3,32,4,126
憮辨綴,謝謝,1994,1990,0.318,0.374,0.42,0.794,4,72,4,126
夢薑鷓,辦辦,1998,1990,0.318,0.398,0.483,0.881,13,79,3,126
檜艙辦,謝謝,2000,1990,0.318,0.393,0.571,0.964,25,64,10,133
梯翕輿,辦辦,2002,2000,0.318,0.41,0.557,0.967,26,79,5,133
檜辨敘,謝謝,2006,2000,0.318,0.387,0.412,0.799,1,39,3,126
夢營,辦辦,2008,2000,0.318,0.423,0.538,0.961,19,72,6,126
夢煽,辦辦,2013,2010,0.318,0.442,0.602,1.044,37,117,7,128
夢戮團,辦辦,2013,2010,0.318,0.427,0.515,0.942,18,76,8,128
螃營錳,辦謝,2014,2010,0.318,0.395,0.451,0.846,5,40,20,128
譆⑽辦,辦謝,2015,2010,0.318,0.407,0.563,0.97,33,123,14,144
釭撩彰,謝謝,2018,2010,0.318,0.384,0.518,0.902,23,91,21,144
團煽ь,辦辦,2018,2010,0.318,0.377,0.481,0.858,17,66,22,144
喻雙膨,辦辦,1991,1990,0.317,0.391,0.429,0.82,3,58,5,126
檜虜熱,辦辦,1991,1990,0.317,0.416,0.5,0.916,17,74,6,126
翕瑰繹,謝謝,1992,1990,0.317,0.422,0.476,0.898,11,52,7,126
籐夥,辦辦,1998,1990,0.317,0.399,0.578,0.977,26,97,4,126
濰錳霞,辦曄,1999,1990,0.317,0.378,0.376,0.754,2,58,14,132
梯鷓敕2,辦辦,2005,2000,0.317,0.402,0.547,0.949,23,100,3,126
檜鷗斬,辦辦,2008,2000,0.317,0.4,0.47,0.87,12,58,7,126
梯鬼團,辦辦,2010,2000,0.317,0.362,0.449,0.811,10,72,6,133
梯⑷熱,辦謝,2010,2000,0.317,0.42,0.531,0.951,24,89,7,133
褻檣撩,辦辦,2010,2000,0.317,0.374,0.558,0.932,28,107,8,133
瓣鷓檣,謝謝,2014,2010,0.317,0.372,0.484,0.856,14,99,21,128
槳嬴撥,辦謝,2015,2010,0.317,0.409,0.472,0.88,13,54,15,144
ъ唳團,辦辦,2015,2010,0.317,0.369,0.384,0.753,1,41,16,144
嶸и遽,辦辦,2019,2010,0.317,0.386,0.443,0.829,14,86,9,144
梯謙賅,辦辦,1984,1980,0.316,0.394,0.522,0.916,14,44,5,100
梯⑽戮,謝謝,1987,1980,0.316,0.372,0.432,0.803,3,45,9,108
梯晦鷓,謝謝,1994,1990,0.316,0.431,0.59,1.022,25,79,5,126
憮辨綴,謝謝,1997,1990,0.316,0.378,0.439,0.817,4,69,9,126
檜謙遵,謝謝,2007,2000,0.316,0.38,0.417,0.798,1,46,7,126
夢и檜,謝謝,2008,2000,0.316,0.412,0.405,0.818,4,41,8,126
譆薑,辦辦,2013,2010,0.316,0.43,0.551,0.981,28,83,9,128
歎惜團,辦辦,2014,2010,0.316,0.356,0.468,0.823,11,58,22,128
嶸и遽,辦辦,2014,2010,0.316,0.383,0.541,0.924,20,91,23,128
梯鷓敕2,辦辦,2015,2010,0.316,0.461,0.539,1,21,104,17,144
薑斬辦,辦辦,2015,2010,0.316,0.395,0.466,0.86,12,66,18,144
螃營橾,謝謝,2016,2010,0.316,0.415,0.592,1.007,27,92,23,144
寰纂,辦辦,2017,2010,0.316,0.372,0.513,0.886,21,93,17,144
譆薑,辦辦,2017,2010,0.316,0.434,0.684,1.117,46,113,18,144
煎裟,辦辦,2018,2010,0.316,0.408,0.597,1.005,43,107,23,144
檜⑽謙,辦辦,2018,2010,0.316,0.373,0.467,0.84,13,42,24,144
梯鼻,辦辦,1997,1990,0.315,0.395,0.499,0.893,11,52,10,126
辦鍔,辦辦,2000,1990,0.315,0.416,0.605,1.022,39,111,11,133
梯謙戮,謝謝,2001,2000,0.315,0.393,0.505,0.898,16,65,11,133
檜艙辦,謝謝,2002,2000,0.315,0.41,0.525,0.935,24,52,6,133
檜謙彰,辦辦,2003,2000,0.315,0.391,0.515,0.906,20,61,8,133
濰撩,謝謝,2003,2000,0.315,0.419,0.532,0.95,21,105,9,133
曄遽⑶,謝謝,2004,2000,0.315,0.435,0.553,0.988,28,103,8,133
梯營⑷,謝謝,2005,2000,0.315,0.448,0.5,0.948,19,77,4,126
梯鼻⑷,辦辦,2009,2000,0.315,0.38,0.632,1.011,36,127,7,133
寰纂,辦辦,2011,2010,0.315,0.36,0.431,0.791,5,46,6,133
夢戮團,辦辦,2014,2010,0.315,0.422,0.601,1.023,27,72,24,128
姨瘓,辦辦,2014,2010,0.315,0.402,0.497,0.899,20,82,25,128
檜貲晦,謝謝,2015,2010,0.315,0.363,0.397,0.761,3,35,19,144
楝Щ,辦辦,2017,2010,0.315,0.399,0.569,0.968,31,124,19,144
瓣擎撩,辦辦,2019,2010,0.315,0.364,0.434,0.798,12,72,10,144
梯撩и,辦辦,1987,1980,0.314,0.379,0.533,0.912,15,46,10,108
梯辨繹,辦辦,1987,1980,0.314,0.386,0.463,0.85,7,59,11,108
濰螟,謝謝,1988,1980,0.314,0.419,0.413,0.833,4,35,8,108
檜謙遴,謝謝,1992,1990,0.314,0.344,0.444,0.788,3,57,8,126
む溯鍔,辦辦,2004,2000,0.314,0.363,0.459,0.822,18,86,9,133
薑斬辦,辦辦,2008,2000,0.314,0.372,0.42,0.791,8,58,9,126
鬼薑,辦辦,2012,2010,0.314,0.416,0.56,0.976,25,82,2,133
槳嬴撥,辦謝,2012,2010,0.314,0.371,0.396,0.767,5,58,3,133
嬴舒纂,謝謝,2015,2010,0.314,0.386,0.557,0.943,28,106,20,144
檜惜擎,辦辦,1982,1980,0.313,0.357,0.465,0.822,5,36,7,80
梯營夢,辦辦,1985,1980,0.313,0.379,0.393,0.772,3,36,6,110
梯謙賅,辦辦,1986,1980,0.313,0.379,0.46,0.839,11,61,2,108
檜鬼絲,謝謝,1988,1980,0.313,0.352,0.43,0.782,4,56,9,108
檜牖繹,辦辦,1988,1980,0.313,0.403,0.483,0.886,13,52,10,108
曄遽⑶,謝謝,1995,1990,0.313,0.422,0.532,0.954,20,84,4,126
曄遽⑶,謝謝,2000,1990,0.313,0.418,0.495,0.913,15,92,12,133
檜鷗斬,辦辦,2007,2000,0.313,0.379,0.427,0.806,11,56,8,126
檜遽,辦辦,2007,2000,0.313,0.374,0.501,0.875,14,71,9,126
梯輿雙,辦辦,2008,2000,0.313,0.355,0.393,0.749,1,42,10,126
夢唳熱,辦辦,2016,2010,0.313,0.415,0.522,0.938,20,80,24,144
瓣擎撩,辦辦,2016,2010,0.313,0.37,0.444,0.814,9,81,25,144
в,辦辦,2016,2010,0.313,0.361,0.511,0.872,20,86,26,144
喻熱惜,辦謝,2018,2010,0.313,0.379,0.431,0.811,8,53,25,144
螃營錳,辦謝,2018,2010,0.313,0.368,0.463,0.831,15,81,26,144
夢謙,謝謝,1983,1980,0.312,0.373,0.419,0.791,3,24,4,100
梯惜葡,謝謝,1988,1980,0.312,0.363,0.424,0.787,2,28,11,108
濰撩,謝謝,1998,1990,0.312,0.376,0.462,0.838,15,49,5,126
薑唳寡,辦辦,1999,1990,0.312,0.381,0.485,0.865,18,53,15,132
檜謙彰,辦辦,2005,2000,0.312,0.388,0.421,0.809,6,36,5,126
夢霞虜,辦辦,2007,2000,0.312,0.408,0.45,0.858,7,56,10,126
檜辨敘,謝謝,2008,2000,0.312,0.381,0.398,0.779,0,38,11,126
檜謙遵,謝謝,2010,2000,0.312,0.38,0.397,0.777,5,45,9,133
夢戮團,辦辦,2012,2010,0.312,0.436,0.524,0.959,23,91,4,133
薑撩,辦辦,2013,2010,0.312,0.408,0.437,0.845,9,62,10,128
釭雖諫,辦辦,2014,2010,0.312,0.409,0.51,0.92,19,79,26,128
堅謙遵,辦謝,2017,2010,0.312,0.35,0.462,0.813,8,54,20,144
賅璽團,辦辦,2017,2010,0.312,0.365,0.485,0.85,17,90,21,144
彌戮團,辦辦,2017,2010,0.312,0.361,0.483,0.844,20,105,22,144
梯翕膨,辦辦,2020,2010,0.312,0.36,0.508,0.868,20,74,12,144
螃營橾,謝謝,2020,2010,0.312,0.39,0.482,0.871,16,89,13,144
窕蝐,辦辦,2020,2010,0.312,0.37,0.512,0.882,21,97,14,144
盟醞橾,辦辦,1990,1980,0.311,0.384,0.428,0.812,6,45,5,120
歜熱⑶,辦辦,1996,1990,0.311,0.389,0.458,0.848,11,76,5,126
檜璃辨,謝謝,1997,1990,0.311,0.421,0.49,0.911,9,61,11,126
褻錳辦,辦辦,1998,1990,0.311,0.358,0.445,0.803,12,62,6,126
歎雖虜,辦辦,1999,1990,0.311,0.352,0.546,0.898,22,74,16,132
梯и熱,辦辦,2001,2000,0.311,0.37,0.48,0.85,13,61,12,133
濰撩,謝謝,2001,2000,0.311,0.422,0.534,0.956,23,97,13,133
梯и熱,辦辦,2002,2000,0.311,0.372,0.467,0.84,17,76,7,133
檜鷗斬,辦辦,2009,2000,0.311,0.41,0.467,0.877,15,66,8,133
鬼團,辦辦,2015,2010,0.311,0.423,0.639,1.062,35,86,21,144
薑曖彌,辦辦,2016,2010,0.311,0.35,0.51,0.861,27,100,27,144
梯營,辦辦,2018,2010,0.311,0.393,0.48,0.873,16,75,27,144
梯辦翮,辦辦,1982,1980,0.31,0.429,0.533,0.962,13,41,8,80
骯饜蝶,辦辦,2001,2000,0.31,0.37,0.51,0.881,26,107,14,133
夢и檜,謝謝,2004,2000,0.31,0.394,0.465,0.859,16,63,10,133
歜營繹,辦辦,2005,2000,0.31,0.36,0.393,0.753,3,30,6,126
瞪遽,謝謝,2008,2000,0.31,0.373,0.392,0.765,1,24,12,126
鬼瑰敘,辦辦,2009,2000,0.31,0.402,0.506,0.907,20,78,9,133
梯輿雙,辦辦,2009,2000,0.31,0.357,0.451,0.808,7,51,10,133
譆薑,辦辦,2011,2010,0.31,0.396,0.526,0.922,20,75,7,133
薑撩,辦辦,2012,2010,0.31,0.413,0.499,0.912,12,53,5,133
褐謙望,辦謝,2013,2010,0.31,0.359,0.427,0.786,4,50,11,128
夢薑掏,謝謝,2014,2010,0.31,0.37,0.571,0.94,27,109,27,128
梯營,辦辦,2016,2010,0.31,0.395,0.44,0.835,7,78,28,144
檜彰,辦辦,2016,2010,0.31,0.396,0.562,0.958,33,108,29,144
薑斬辦,辦辦,2016,2010,0.31,0.383,0.464,0.847,18,88,30,144
掘濠遵,辦謝,2017,2010,0.31,0.389,0.527,0.916,21,107,23,144
幗釭蛤釭,謝謝,2018,2010,0.31,0.394,0.487,0.881,20,70,28,144
檜薑,謝謝,1988,1980,0.309,0.374,0.413,0.786,4,34,12,108
褐唳衝,謝謝,1991,1990,0.309,0.379,0.4,0.779,7,57,7,126
檜牖繹,辦辦,1992,1990,0.309,0.39,0.494,0.884,21,76,9,126
夢薑鷓,辦辦,1996,1990,0.309,0.367,0.423,0.791,5,61,6,126
梯晦鷓,謝謝,1998,1990,0.309,0.442,0.606,1.048,31,90,7,126
夢營,辦辦,2000,1990,0.309,0.396,0.589,0.985,32,115,13,133
梯翕輿,辦辦,2008,2000,0.309,0.427,0.501,0.928,18,104,13,126
夢謙彌,謝謝,2014,2010,0.309,0.345,0.445,0.79,7,73,28,128
蘊癱,辦辦,2014,2010,0.309,0.376,0.524,0.9,18,72,29,128
釭撩彰,謝謝,2016,2010,0.309,0.39,0.497,0.886,22,113,31,144
檜鷗斬,辦辦,2016,2010,0.309,0.394,0.422,0.816,8,65,32,144
梯輿雙,辦辦,2017,2010,0.309,0.358,0.489,0.847,12,70,24,144
掘繭憮,辦辦,1982,1980,0.308,0.396,0.421,0.817,3,25,9,80
歎橾撥,謝謝,1985,1980,0.308,0.394,0.485,0.88,15,41,7,110
嶸蝓寰,辦辦,1987,1980,0.308,0.351,0.47,0.821,12,59,12,108
檜摹錠,辦辦,1988,1980,0.308,0.374,0.359,0.733,1,41,13,108
彌湯敘,謝謝,1991,1990,0.308,0.386,0.399,0.785,1,45,8,126
瞪遽,謝謝,1995,1990,0.308,0.391,0.395,0.787,1,42,5,126
梯營⑷,謝謝,2000,1990,0.308,0.416,0.457,0.873,11,62,14,133
檜煽敘,謝謝,2001,2000,0.308,0.373,0.445,0.817,12,83,15,133
檜霞艙,謝謝,2002,2000,0.308,0.373,0.492,0.865,13,40,8,133
梯翕熱,辦辦,2003,2000,0.308,0.382,0.485,0.867,16,68,10,133
檜彰,辦辦,2004,2000,0.308,0.371,0.536,0.907,23,74,11,133
粽瑛夥,辦辦,2007,2000,0.308,0.441,0.537,0.977,29,87,11,126
檜渠⑽,謝謝,2007,2000,0.308,0.359,0.348,0.707,1,31,12,126
譆鬄,謝謝,2009,2000,0.308,0.441,0.589,1.029,33,100,11,133
釭夥煎,辦辦,2014,2010,0.308,0.42,0.552,0.972,31,98,30,128
檜蝓膨,謝謝,2014,2010,0.308,0.359,0.557,0.916,32,101,31,128
釭雖諫,辦辦,2016,2010,0.308,0.454,0.571,1.025,25,90,33,144
縑奩蝶,辦辦,2016,2010,0.308,0.416,0.565,0.981,24,81,34,144
鷒瑋袙,辦辦,2016,2010,0.308,0.366,0.526,0.892,26,102,35,144
檜繭錠,謝謝,2019,2010,0.308,0.376,0.374,0.749,2,48,11,144
嶸舒翮,辦辦,1983,1980,0.307,0.393,0.461,0.854,9,36,5,100
夢蝓,謝謝,1990,1980,0.307,0.388,0.505,0.893,20,75,6,120
梯惜葡,謝謝,1991,1990,0.307,0.363,0.418,0.781,3,36,9,126
歎掘,辦辦,1993,1990,0.307,0.371,0.403,0.774,4,49,3,126
褻撩,辦辦,2003,2000,0.307,0.365,0.403,0.769,6,38,11,133
檜辨敘,謝謝,2010,2000,0.307,0.395,0.371,0.766,3,51,10,133
檜蝓膨,謝謝,2012,2010,0.307,0.386,0.502,0.888,21,85,6,133
檜霞艙,謝謝,2012,2010,0.307,0.383,0.389,0.772,4,55,7,133
檜謙遵,謝謝,2013,2010,0.307,0.361,0.439,0.8,6,52,12,128
梯營,辦辦,2015,2010,0.307,0.38,0.402,0.783,3,50,22,144
夢戮團,辦辦,2016,2010,0.307,0.405,0.578,0.984,32,104,36,144
梯ж撩,辦辦,2019,2010,0.307,0.393,0.491,0.884,19,104,12,144
掘濠遵,辦謝,2020,2010,0.307,0.385,0.478,0.863,15,78,15,144
夢謙,謝謝,1984,1980,0.306,0.365,0.439,0.804,7,37,6,100
梯⑽戮,謝謝,1993,1990,0.306,0.366,0.433,0.8,10,62,4,126
掏遽ь,辦辦,1995,1990,0.306,0.333,0.408,0.741,6,34,6,126
憮辨綴,謝謝,1995,1990,0.306,0.362,0.406,0.768,4,53,7,126
譆鷓錳,辦辦,1997,1990,0.306,0.366,0.386,0.752,2,39,12,126
檜蝓膨,謝謝,1998,1990,0.306,0.408,0.621,1.029,38,102,8,126
薑熱斬,謝謝,2001,2000,0.306,0.397,0.403,0.8,2,53,16,133
濰撩,謝謝,2006,2000,0.306,0.416,0.456,0.872,13,79,4,126
譆翕熱,辦辦,2007,2000,0.306,0.38,0.443,0.823,12,58,13,126
夢薑掏,謝謝,2010,2000,0.306,0.399,0.494,0.893,18,76,11,133
槳嬴撥,辦謝,2010,2000,0.306,0.373,0.438,0.812,11,47,12,133
姨瘓,辦辦,2011,2010,0.306,0.379,0.403,0.782,6,67,8,133
檜煽敘2,謝謝,2014,2010,0.306,0.428,0.533,0.961,16,87,32,128
檜鷗斬,辦辦,2014,2010,0.306,0.385,0.526,0.911,21,91,33,128
薑熱綴,謝謝,2014,2010,0.306,0.364,0.422,0.787,6,49,34,128
譆遽戮,辦辦,2015,2010,0.306,0.428,0.529,0.956,31,109,23,144
梯團撩,辦辦,2016,2010,0.306,0.374,0.502,0.876,17,90,37,144
螃營橾,謝謝,2017,2010,0.306,0.38,0.561,0.941,26,89,25,144
嶸и遽,辦辦,2017,2010,0.306,0.37,0.436,0.806,13,68,26,144
濘,辦謝,2018,2010,0.306,0.373,0.573,0.945,30,110,29,144
梯ж撩,辦辦,2020,2010,0.306,0.397,0.523,0.921,30,109,16,144
夢戮團,辦辦,2020,2010,0.306,0.436,0.466,0.902,14,63,17,144
檜貲晦,謝謝,2020,2010,0.306,0.374,0.369,0.743,2,45,18,144
譆輿,辦謝,2020,2010,0.306,0.366,0.473,0.84,16,88,19,144
攪醴,謝謝,2020,2010,0.306,0.398,0.557,0.955,32,113,20,144
梯撩и,辦辦,1982,1980,0.305,0.34,0.506,0.847,13,69,10,80
盟雖⑷,辦辦,1994,1990,0.305,0.386,0.44,0.825,15,51,6,126
室鶹,辦辦,1995,1990,0.305,0.386,0.465,0.851,16,65,8,126
檜煽敘,謝謝,1997,1990,0.305,0.369,0.442,0.812,7,69,13,126
辦鍔,辦辦,1998,1990,0.305,0.395,0.619,1.014,42,103,9,126
梯錳撥,辦謝,2008,2000,0.305,0.396,0.369,0.765,0,30,14,126
鬼團,辦辦,2010,2000,0.305,0.38,0.524,0.905,23,72,13,133
薑斬辦,辦辦,2010,2000,0.305,0.361,0.377,0.739,2,48,14,133
夢辨鷗,辦謝,2012,2010,0.305,0.366,0.451,0.817,11,76,8,133
譆⑽辦,辦謝,2013,2010,0.305,0.372,0.53,0.902,29,98,13,128
檜謙遵,謝謝,2016,2010,0.305,0.377,0.408,0.785,5,57,38,144
煎ж蝶,辦曄,2018,2010,0.305,0.389,0.59,0.979,43,114,30,144
梯鷓敕2,辦辦,2019,2010,0.305,0.388,0.395,0.783,6,62,13,144
僻鍔,辦辦,2019,2010,0.305,0.4,0.543,0.943,28,113,14,144
檜牖繹,辦辦,1985,1980,0.304,0.364,0.477,0.841,12,50,8,110
檜惜擎,辦辦,1986,1980,0.304,0.384,0.48,0.864,15,60,3,108
彌湯敘,謝謝,1988,1980,0.304,0.367,0.378,0.745,1,43,14,108
梯辨繹,辦辦,1989,1980,0.304,0.366,0.453,0.819,11,64,4,120
檜ˉ,辦辦,1990,1980,0.304,0.39,0.46,0.85,7,48,7,120
鬼晦錠,辦辦,1992,1990,0.304,0.357,0.484,0.841,16,56,10,126
歎掘,辦辦,1992,1990,0.304,0.342,0.497,0.839,20,59,11,126
褕薑熱,辦辦,2000,1990,0.304,0.407,0.551,0.958,29,91,15,133
譆晦僥,辦曄,2001,2000,0.304,0.368,0.41,0.778,7,47,17,133
夢營,辦辦,2005,2000,0.304,0.4,0.487,0.887,18,63,7,126
夢и檜,謝謝,2012,2010,0.304,0.385,0.381,0.766,1,51,9,133
夢團辦,辦謝,2015,2010,0.304,0.402,0.404,0.805,3,47,24,144
團煽ь,辦辦,2017,2010,0.304,0.393,0.445,0.838,14,71,27,144
梯⑷熱,辦謝,2019,2010,0.304,0.375,0.437,0.813,11,82,15,144
梯鼻熱,辦辦,2020,2010,0.304,0.397,0.401,0.798,5,47,21,144
夢勒辦,辦辦,2020,2010,0.304,0.369,0.472,0.841,14,70,22,144
濰螟,謝謝,1989,1980,0.303,0.408,0.354,0.763,1,31,5,120
梯團,謝謝,1991,1990,0.303,0.389,0.559,0.949,20,68,10,126
夢喻遽,謝謝,1994,1990,0.303,0.364,0.379,0.744,3,36,7,126
梯惜葡,謝謝,1996,1990,0.303,0.365,0.385,0.75,2,49,7,126
檜蝓膨,謝謝,1996,1990,0.303,0.357,0.458,0.814,9,76,8,126
檜遽,辦辦,1998,1990,0.303,0.352,0.507,0.859,19,77,10,126
鬼戮繭,辦辦,1999,1990,0.303,0.366,0.397,0.763,5,42,17,132
盟雖⑷,辦辦,1999,1990,0.303,0.391,0.478,0.868,11,45,18,132
褻唳,辦辦,2001,2000,0.303,0.379,0.559,0.938,26,102,18,133
贗葬橫,辦辦,2005,2000,0.303,0.375,0.493,0.868,15,61,8,126
曄遽⑶,謝謝,2006,2000,0.303,0.451,0.477,0.928,13,81,5,126
夢戮團,辦辦,2010,2000,0.303,0.44,0.48,0.921,15,64,15,133
檜謙遵,謝謝,2011,2010,0.303,0.376,0.385,0.761,5,44,9,133
梯錳撥,辦謝,2012,2010,0.303,0.401,0.402,0.802,3,61,10,133
夢煽,辦辦,2014,2010,0.303,0.436,0.686,1.122,52,124,35,128
梯團撩,辦辦,2015,2010,0.303,0.358,0.465,0.823,16,71,25,144
團煽ь,辦辦,2015,2010,0.303,0.373,0.426,0.799,12,75,26,144
檜蝓膨,謝謝,2016,2010,0.303,0.385,0.518,0.904,27,118,39,144
鬼и選,辦謝,2017,2010,0.303,0.338,0.34,0.678,0,24,28,144
廓鍔,辦辦,2017,2010,0.303,0.361,0.499,0.86,15,57,29,144
夢辨鷗,辦謝,2018,2010,0.303,0.366,0.466,0.832,15,76,31,144
曄蝓婦,辦辦,1983,1980,0.302,0.36,0.468,0.828,9,30,6,100
梯晦鷓,謝謝,1992,1990,0.302,0.465,0.621,1.086,31,96,12,126
褻錳辦,辦辦,2005,2000,0.302,0.362,0.407,0.77,6,42,9,126
鬼翕辦,謝謝,2009,2000,0.302,0.384,0.429,0.813,10,48,12,133
譆遽戮,辦辦,2009,2000,0.302,0.39,0.474,0.864,17,94,13,133
夢辨鷗,辦謝,2011,2010,0.302,0.35,0.466,0.816,15,64,10,133
梯⑷熱,辦謝,2013,2010,0.302,0.392,0.47,0.862,16,90,14,128
梯鬼團,辦辦,2014,2010,0.302,0.37,0.495,0.865,16,82,36,128
檜渠⑽,謝謝,2015,2010,0.302,0.364,0.355,0.72,0,37,27,144
梯ж撩,辦辦,2017,2010,0.302,0.379,0.513,0.892,23,114,30,144
檜貲晦,謝謝,2018,2010,0.302,0.355,0.418,0.774,4,42,32,144
梯遽,辦辦,1982,1980,0.301,0.345,0.549,0.894,19,45,11,80
曄撮謙,辦辦,1984,1980,0.301,0.367,0.441,0.809,6,47,7,100
梯遽,辦辦,1985,1980,0.301,0.359,0.405,0.763,5,38,9,110
и艙遽,辦辦,1987,1980,0.301,0.365,0.41,0.775,6,36,13,108
梯橾掏,辦辦,1988,1980,0.301,0.33,0.398,0.728,3,34,15,108
夢嚚,謝謝,1988,1980,0.301,0.362,0.402,0.763,4,34,16,108
и渠,辦辦,1991,1990,0.301,0.399,0.565,0.964,22,73,11,126
夢⑷蝓,辦辦,1997,1990,0.301,0.364,0.522,0.887,19,63,14,126
夢謙,辦曄,1999,1990,0.301,0.38,0.47,0.849,10,55,19,132
夢營,辦辦,2003,2000,0.301,0.39,0.51,0.9,19,66,12,133
檜蝓膨,謝謝,2003,2000,0.301,0.432,0.699,1.132,56,144,13,133
檜渠,辦辦,2008,2000,0.301,0.41,0.478,0.888,18,94,15,126
檜謙遵,謝謝,2008,2000,0.301,0.373,0.354,0.727,0,28,16,126
梯錳撥,辦謝,2009,2000,0.301,0.4,0.458,0.857,8,43,14,133
薑撩,辦辦,2009,2000,0.301,0.386,0.427,0.813,10,70,15,133
鬼薑,辦辦,2010,2000,0.301,0.39,0.457,0.847,12,58,16,133
夢и檜,謝謝,2010,2000,0.301,0.409,0.454,0.862,11,63,17,133
梯⑷熱,辦謝,2011,2010,0.301,0.399,0.444,0.843,13,91,11,133
曄曖雖,辦辦,2011,2010,0.301,0.369,0.386,0.754,4,46,12,133
檜渠熱,辦辦,2011,2010,0.301,0.351,0.426,0.777,8,50,13,133
瞪遽辦,辦辦,2011,2010,0.301,0.366,0.451,0.817,11,64,14,133
梯鬼團,辦辦,2013,2010,0.301,0.371,0.466,0.836,10,55,15,128
釭雖諫,辦辦,2017,2010,0.301,0.41,0.534,0.944,27,94,31,144
譆輿,辦謝,2017,2010,0.301,0.374,0.424,0.797,7,57,32,144
檜錳戮,辦辦,2018,2010,0.301,0.377,0.493,0.87,20,93,33,144
瞪遽辦,辦辦,2019,2010,0.301,0.362,0.481,0.843,22,83,16,144
梯辨繹,辦辦,1982,1980,0.3,0.406,0.47,0.876,10,39,12,80
梯營夢,辦辦,1984,1980,0.3,0.372,0.423,0.795,7,37,8,100
梯鼻,謝謝,1985,1980,0.3,0.355,0.428,0.783,5,51,10,110
檜摹錠,辦辦,1985,1980,0.3,0.356,0.415,0.771,6,53,11,110
梯瑰翱,辦辦,1986,1980,0.3,0.364,0.514,0.878,21,67,4,108
夢嚚,謝謝,1987,1980,0.3,0.382,0.392,0.774,2,36,14,108
梯謙賅,辦辦,1988,1980,0.3,0.347,0.368,0.715,4,35,17,108
彌湯敘,謝謝,1989,1980,0.3,0.382,0.379,0.761,1,34,6,120
梯擬措,謝謝,1991,1990,0.3,0.388,0.438,0.827,9,51,12,126
梯鼻,辦辦,1992,1990,0.3,0.377,0.489,0.867,12,49,13,126
彌湯敘,謝謝,1992,1990,0.3,0.321,0.438,0.759,8,52,14,126
瞪遽,謝謝,1992,1990,0.3,0.37,0.408,0.778,5,49,15,126
梯惜葡,謝謝,1993,1990,0.3,0.351,0.377,0.728,3,32,5,126
梯撩楚,辦辦,1993,1990,0.3,0.4,0.544,0.944,28,91,6,126
彌湯敘,謝謝,1993,1990,0.3,0.355,0.369,0.725,1,31,7,126
曄遽⑶,謝謝,1994,1990,0.3,0.389,0.487,0.876,19,87,8,126
鬼翕辦,謝謝,1998,1990,0.3,0.357,0.466,0.823,10,30,11,126
梯и熱,辦辦,1998,1990,0.3,0.33,0.454,0.784,15,80,12,126
室鶹,辦辦,1999,1990,0.3,0.382,0.563,0.945,34,111,20,132
夢霞虜,辦辦,2001,2000,0.3,0.372,0.507,0.879,22,63,19,133
檜璃辨,謝謝,2001,2000,0.3,0.376,0.442,0.818,10,64,20,133
瞪遽,謝謝,2002,2000,0.3,0.384,0.395,0.779,3,28,9,133
梯營⑷,謝謝,2004,2000,0.3,0.421,0.477,0.898,14,62,12,133
塭檜螞,謝謝,2004,2000,0.3,0.347,0.458,0.805,12,55,13,133
夢辨鷗,辦謝,2004,2000,0.3,0.353,0.471,0.823,16,58,14,133
濰撩,謝謝,2004,2000,0.3,0.404,0.481,0.885,19,80,15,133
濰撩,謝謝,2005,2000,0.3,0.384,0.457,0.841,16,74,10,126
檜霞艙,謝謝,2009,2000,0.3,0.366,0.463,0.83,14,69,16,133
夢辨鷗,辦謝,2010,2000,0.3,0.368,0.43,0.797,9,45,18,133
薑錳戮,辦辦,2010,2000,0.3,0.386,0.433,0.819,7,42,19,133
譆薑,辦辦,2010,2000,0.3,0.39,0.533,0.922,20,80,20,133
檜煽敘,謝謝,2012,2010,0.3,0.334,0.4,0.734,5,41,11,133
檜遽,辦辦,2012,2010,0.3,0.408,0.488,0.896,18,78,12,133
譆薑,辦辦,2012,2010,0.3,0.388,0.538,0.926,26,84,13,133
譆霞ч,辦辦,2013,2010,0.3,0.387,0.439,0.826,8,53,16,128
薑,辦辦,2015,2010,0.3,0.379,0.42,0.799,9,62,28,144
夢п團,辦謝,2016,2010,0.3,0.346,0.41,0.756,4,61,40,144
蝶觼楣蝶,辦辦,2017,2010,0.3,0.405,0.595,1,35,111,33,144
梯ь堆,辦辦,2018,2010,0.3,0.375,0.423,0.798,11,71,34,144
憮勒璽,辦謝,2019,2010,0.3,0.374,0.383,0.757,2,41,17,144
譆⑽辦,辦謝,2019,2010,0.3,0.418,0.485,0.903,17,86,18,144
螃雖,辦謝,2020,2010,0.3,0.362,0.461,0.823,10,71,23,144
梯斬戮,辦辦,1984,1980,0.299,0.339,0.399,0.737,5,30,9,100
濰謙,辦辦,1992,1990,0.299,0.451,0.659,1.11,41,119,16,126
梯擬措,謝謝,1995,1990,0.299,0.4,0.426,0.826,8,61,9,126
梯謙戮,謝謝,1995,1990,0.299,0.354,0.435,0.79,4,56,10,126
姨瘓,辦辦,2013,2010,0.299,0.379,0.439,0.819,15,72,17,128
夢п團,辦謝,2018,2010,0.299,0.359,0.432,0.792,9,68,35,144
и渠,辦辦,1986,1980,0.298,0.368,0.503,0.871,14,66,5,108
檜惜擎,辦辦,1987,1980,0.298,0.365,0.461,0.826,14,74,15,108
夢喻遽,謝謝,1989,1980,0.298,0.356,0.347,0.703,0,26,7,120
檜錳戮,辦辦,2009,2000,0.298,0.355,0.444,0.799,9,53,17,133
梯鼻熱,辦辦,2013,2010,0.298,0.351,0.417,0.768,7,44,18,128
夢團辦,辦謝,2014,2010,0.298,0.392,0.399,0.791,1,40,37,128
檜遽,辦辦,2016,2010,0.298,0.397,0.506,0.904,21,87,41,144
薑熱綴,謝謝,2020,2010,0.298,0.368,0.396,0.764,5,59,24,144
檜鬼絲,謝謝,1986,1980,0.297,0.365,0.458,0.824,10,36,6,108
寥檣熱,辦辦,1990,1980,0.297,0.398,0.424,0.822,8,34,8,120
и渠,辦辦,1994,1990,0.297,0.388,0.429,0.816,10,67,9,126
辦鍔,辦辦,1999,1990,0.297,0.409,0.566,0.975,34,101,21,132
檜艙辦,謝謝,2003,2000,0.297,0.399,0.466,0.865,16,71,14,133
檜煽敘,謝謝,2006,2000,0.297,0.344,0.406,0.75,7,55,6,126
梯撩⑷,辦辦,2015,2010,0.297,0.349,0.408,0.757,8,48,29,144
歎惜團,辦辦,2018,2010,0.297,0.331,0.477,0.808,18,79,36,144
梯ь堆,辦辦,2019,2010,0.297,0.362,0.387,0.749,5,46,19,144
檜謙紫,辦辦,1983,1980,0.296,0.37,0.452,0.821,8,62,7,100
梯團,謝謝,1994,1990,0.296,0.363,0.485,0.848,15,78,10,126
譆鷓錳,辦辦,1995,1990,0.296,0.339,0.347,0.686,1,30,11,126
譆櫛撩,辦辦,1997,1990,0.296,0.39,0.494,0.884,22,65,15,126
煎葆檜橫,辦辦,2000,1990,0.296,0.372,0.543,0.915,29,96,16,133
薑唳寡,辦辦,2004,2000,0.296,0.359,0.434,0.793,9,47,16,133
瞪遽,謝謝,2007,2000,0.296,0.371,0.332,0.703,1,13,14,126
檜璃辨,謝謝,2009,2000,0.296,0.377,0.401,0.778,4,52,18,133
縑奩蝶,辦辦,2017,2010,0.296,0.374,0.49,0.864,27,90,34,144
嶸鬼陴,辦辦,2018,2010,0.296,0.351,0.508,0.86,19,66,37,144
窕蝐,辦辦,2018,2010,0.296,0.359,0.526,0.885,25,88,38,144
褻辨,辦謝,2020,2010,0.296,0.392,0.333,0.725,0,32,25,144
梯鼻,謝謝,1986,1980,0.295,0.349,0.391,0.74,2,42,7,108
檜鬼絲,謝謝,1989,1980,0.295,0.342,0.422,0.764,9,66,8,120
梯辨措,辦辦,1991,1990,0.295,0.375,0.404,0.779,7,58,13,126
濰謙,辦辦,1993,1990,0.295,0.411,0.507,0.919,17,58,8,126
梯唳晦,辦辦,1995,1990,0.295,0.369,0.455,0.824,12,46,12,126
夢營,辦辦,1996,1990,0.295,0.373,0.559,0.933,30,108,9,126
梯營⑷,謝謝,1998,1990,0.295,0.364,0.471,0.835,16,76,13,126
夢營,辦辦,1999,1990,0.295,0.4,0.504,0.905,24,98,22,132
梯и熱,辦辦,2003,2000,0.295,0.354,0.454,0.808,17,70,15,133
鬼翕辦,謝謝,2004,2000,0.295,0.363,0.37,0.733,3,49,17,133
夢唳諫,辦辦,2004,2000,0.295,0.437,0.595,1.032,34,79,18,133
夢и檜,謝謝,2005,2000,0.295,0.371,0.397,0.768,9,59,11,126
寰纂辨,辦辦,2008,2000,0.295,0.359,0.441,0.8,7,52,17,126
夢營鼻,謝謝,2009,2000,0.295,0.371,0.458,0.829,15,81,19,133
梯翕輿,辦辦,2010,2000,0.295,0.411,0.506,0.917,20,67,21,133
寡艙撥,辦辦,2013,2010,0.295,0.397,0.372,0.769,2,38,19,128
檜辨敘,謝謝,2013,2010,0.295,0.368,0.367,0.735,2,22,20,128
薑斬辦,辦辦,2014,2010,0.295,0.388,0.416,0.804,6,44,38,128
梯謙,謝謝,2015,2010,0.295,0.359,0.394,0.753,4,36,30,144
薑熱綴,謝謝,2015,2010,0.295,0.353,0.391,0.744,2,59,31,144
渠棲絲,謝謝,2016,2010,0.295,0.402,0.494,0.896,16,70,42,144
梯摹綴,辦辦,2018,2010,0.295,0.374,0.375,0.749,4,49,39,144
檜撩翮,辦謝,2018,2010,0.295,0.348,0.553,0.9,34,102,40,144
槳嬴撥,辦謝,2019,2010,0.295,0.36,0.4,0.761,10,63,20,144
薑,辦辦,2020,2010,0.295,0.382,0.427,0.809,11,58,26,144
檜虜熱,辦辦,1983,1980,0.294,0.377,0.555,0.932,27,74,8,100
檜п璽,辦辦,1983,1980,0.294,0.37,0.43,0.8,8,46,9,100
檜謙舒,辦辦,1986,1980,0.294,0.339,0.427,0.766,9,42,8,108
梯撩и,辦辦,1991,1990,0.294,0.392,0.547,0.939,23,83,14,126
梯翕晦,辦辦,1992,1990,0.294,0.386,0.486,0.873,15,58,17,126
褕薑熱,辦辦,1998,1990,0.294,0.347,0.491,0.837,19,73,14,126
葆п艙,辦辦,2000,1990,0.294,0.38,0.487,0.867,23,90,17,133
褕薑熱,辦辦,2001,2000,0.294,0.405,0.491,0.896,18,70,21,133
檜璃辨,謝謝,2003,2000,0.294,0.353,0.448,0.801,18,76,16,133
夢辨鷗,辦謝,2006,2000,0.294,0.363,0.462,0.825,16,64,7,126
梯輿雙,辦辦,2012,2010,0.294,0.342,0.405,0.746,5,39,14,133
薑,辦辦,2014,2010,0.294,0.383,0.398,0.781,3,58,39,128
檜遽,辦辦,2015,2010,0.294,0.38,0.51,0.89,24,110,32,144
褐獄晦,辦辦,2018,2010,0.294,0.357,0.442,0.799,11,71,41,144
薑掘摹,辦辦,1984,1980,0.293,0.404,0.442,0.846,12,46,10,100
ъ敘螟,謝謝,1986,1980,0.293,0.339,0.396,0.735,4,33,9,108
梯遽,辦辦,1988,1980,0.293,0.35,0.439,0.789,11,48,18,108
夢喻遽,謝謝,1991,1990,0.293,0.34,0.386,0.726,5,39,15,126
濰謙,辦辦,1997,1990,0.293,0.389,0.515,0.904,22,76,16,126
梯晦鷓,謝謝,1999,1990,0.293,0.404,0.551,0.955,28,88,23,132
梯擬措,謝謝,1999,1990,0.293,0.37,0.428,0.799,8,60,24,132
檜蝓膨,謝謝,2000,1990,0.293,0.407,0.604,1.01,36,95,18,133
姨撚,辦辦,2001,2000,0.293,0.355,0.443,0.798,14,72,22,133
檜煽敘,謝謝,2002,2000,0.293,0.376,0.45,0.825,12,43,10,133
檜謙彰,辦辦,2002,2000,0.293,0.363,0.464,0.827,18,59,11,133
夢謙,辦曄,2003,2000,0.293,0.358,0.396,0.754,6,61,17,133
檜璃辨,謝謝,2004,2000,0.293,0.383,0.412,0.795,9,85,19,133
梯и熱,辦辦,2005,2000,0.293,0.372,0.448,0.821,15,73,12,126
寰唳⑷,辦辦,2005,2000,0.293,0.381,0.38,0.761,4,62,13,126
薑熱斬,謝謝,2007,2000,0.293,0.364,0.408,0.771,4,36,15,126
粽瑛夥,辦辦,2008,2000,0.293,0.392,0.45,0.842,13,61,18,126
檜渠,辦辦,2009,2000,0.293,0.38,0.531,0.911,28,100,20,133
瓣鷓檣,謝謝,2009,2000,0.293,0.383,0.514,0.897,17,72,21,133
夢п團,辦謝,2015,2010,0.293,0.35,0.362,0.712,0,47,33,144
檜辨敘,謝謝,2018,2010,0.293,0.377,0.332,0.709,1,36,42,144
歜煽遵,辦謝,2018,2010,0.293,0.328,0.468,0.796,13,60,43,144
螃營橾,謝謝,2019,2010,0.293,0.371,0.495,0.866,21,102,21,144
檜貲晦,謝謝,2019,2010,0.293,0.357,0.353,0.711,2,36,22,144
瓣擎撩,辦辦,2020,2010,0.293,0.351,0.452,0.803,15,88,27,144
梯辨繹,辦辦,1988,1980,0.292,0.356,0.5,0.856,18,69,19,108
檜謙舒,辦辦,1988,1980,0.292,0.363,0.455,0.818,9,42,20,108
梯擬措,謝謝,1990,1980,0.292,0.372,0.422,0.794,7,47,9,120
梯鼻,謝謝,1992,1990,0.292,0.357,0.43,0.787,14,77,18,126
梯惜葡,謝謝,1997,1990,0.292,0.36,0.379,0.738,2,32,17,126
梯и熱,辦辦,1997,1990,0.292,0.343,0.412,0.755,9,68,18,126
譆ぜ,謝謝,1997,1990,0.292,0.357,0.469,0.827,12,70,19,126
梯渠櫛,謝謝,1998,1990,0.292,0.357,0.416,0.773,5,40,15,126
葆п艙,辦辦,1998,1990,0.292,0.375,0.465,0.839,15,64,16,126
煎葆檜橫,辦辦,1999,1990,0.292,0.392,0.643,1.034,45,109,25,132
薑撩,辦辦,1999,1990,0.292,0.342,0.407,0.749,7,39,26,132
瞪遽,謝謝,2004,2000,0.292,0.363,0.366,0.728,4,48,20,133
憮が,謝謝,2005,2000,0.292,0.416,0.592,1.008,35,102,14,126
鬼團,辦辦,2008,2000,0.292,0.373,0.485,0.858,19,82,19,126
姨瘓,辦辦,2012,2010,0.292,0.37,0.459,0.829,15,74,15,133
夢薑掏,謝謝,2013,2010,0.292,0.4,0.501,0.901,18,70,21,128
梯團撩,辦辦,2014,2010,0.292,0.348,0.45,0.798,12,77,40,128
褐謙望,辦謝,2014,2010,0.292,0.343,0.467,0.81,9,51,41,128
瞪遽辦,辦辦,2014,2010,0.292,0.351,0.458,0.809,14,66,42,128
憮翕遵,辦曄,2016,2010,0.292,0.384,0.496,0.88,16,67,43,144
梯僥,謝謝,2017,2010,0.292,0.367,0.356,0.723,2,35,35,144
梯摹綴,辦辦,2019,2010,0.292,0.359,0.371,0.729,3,40,23,144
楝Щ,辦辦,2019,2010,0.292,0.403,0.515,0.917,22,101,24,144
譆薑,辦辦,2019,2010,0.292,0.405,0.519,0.924,29,99,25,144
檜渠,辦辦,2020,2010,0.292,0.354,0.452,0.806,20,110,28,144
梯謙賅,辦辦,1982,1980,0.291,0.341,0.453,0.794,10,43,13,80
梯辦翮,辦辦,1983,1980,0.291,0.373,0.465,0.838,9,56,10,100
梯團,謝謝,1989,1980,0.291,0.4,0.403,0.804,4,49,9,120
檜薑,謝謝,1990,1980,0.291,0.362,0.408,0.77,7,52,10,120
梯唳晦,辦辦,1991,1990,0.291,0.346,0.436,0.782,8,59,16,126
梯褒,謝謝,1996,1990,0.291,0.35,0.365,0.715,0,38,10,126
檜謙翮,辦曄,1999,1990,0.291,0.372,0.427,0.799,9,55,27,132
瞪遽,謝謝,1999,1990,0.291,0.374,0.34,0.715,4,43,28,132
梯熱翱,謝謝,2001,2000,0.291,0.366,0.332,0.698,0,20,23,133
辦鍔,辦辦,2001,2000,0.291,0.406,0.571,0.977,34,113,24,133
歎雖虜,辦辦,2002,2000,0.291,0.377,0.57,0.946,38,104,12,133
瓣謙彰,辦辦,2002,2000,0.291,0.368,0.446,0.814,17,68,13,133
葆п艙,辦辦,2003,2000,0.291,0.373,0.568,0.94,38,123,18,133
等檜綠蝶,謝謝,2004,2000,0.291,0.379,0.484,0.864,19,77,21,133
葆ず,謝謝,2004,2000,0.291,0.388,0.433,0.821,9,52,22,133
檜霞艙,謝謝,2005,2000,0.291,0.366,0.47,0.836,20,74,15,126
梯鷓敕2,辦辦,2006,2000,0.291,0.408,0.447,0.855,13,73,8,126
薑撩,辦辦,2006,2000,0.291,0.366,0.447,0.813,13,66,9,126
夢晦⑶,辦辦,2008,2000,0.291,0.359,0.342,0.701,1,36,20,126
褐貲繹,辦辦,2009,2000,0.291,0.357,0.482,0.839,20,61,22,133
歎雖虜,辦辦,2010,2000,0.291,0.371,0.472,0.843,17,63,22,133
寰纂,辦辦,2010,2000,0.291,0.356,0.401,0.758,8,50,23,133
嶸и遽,辦辦,2010,2000,0.291,0.353,0.403,0.756,9,79,24,133
薑撩,辦辦,2011,2010,0.291,0.363,0.41,0.773,10,57,15,133
梯⑷熱,辦謝,2012,2010,0.291,0.362,0.382,0.744,7,65,16,133
鬼薑,辦辦,2013,2010,0.291,0.39,0.489,0.879,22,96,22,128
釭輿,辦辦,2017,2010,0.291,0.324,0.489,0.813,19,65,36,144
譆遽戮,辦辦,2017,2010,0.291,0.368,0.43,0.799,14,82,37,144
釭雖諫,辦辦,2020,2010,0.291,0.392,0.444,0.837,17,92,29,144
梯營夢,辦辦,1983,1980,0.29,0.373,0.399,0.772,5,46,11,100
梯翕熱,辦辦,1990,1980,0.29,0.384,0.463,0.847,13,62,11,120
濰謙,辦辦,1990,1980,0.29,0.405,0.545,0.95,28,91,12,120
罹鷓掘,謝謝,1992,1990,0.29,0.366,0.438,0.804,9,44,19,126
歜⑽戮,辦辦,1992,1990,0.29,0.351,0.544,0.895,26,73,20,126
檜貲熱,辦辦,1995,1990,0.29,0.354,0.394,0.749,9,32,13,126
姨瘓,辦辦,2000,1990,0.29,0.338,0.397,0.735,10,59,19,133
檜遽,辦辦,2003,2000,0.29,0.389,0.564,0.953,36,102,19,133
濰錳霞,辦曄,2003,2000,0.29,0.346,0.394,0.74,5,48,20,133
霞骨辨,辦辦,2003,2000,0.29,0.356,0.49,0.846,21,53,21,133
姨撚,辦辦,2003,2000,0.29,0.35,0.483,0.833,22,100,22,133
梯鷓敕2,辦辦,2007,2000,0.29,0.425,0.483,0.908,21,85,16,126
薑撩,辦辦,2007,2000,0.29,0.354,0.467,0.821,16,76,17,126
贗塊,辦謝,2009,2000,0.29,0.377,0.504,0.881,24,90,23,133
檜煽敘,謝謝,2010,2000,0.29,0.346,0.396,0.742,9,64,25,133
梯摹綴,辦辦,2011,2010,0.29,0.366,0.373,0.739,4,47,16,133
夢煽,辦辦,2012,2010,0.29,0.398,0.561,0.959,31,105,17,133
槳輿檣,辦辦,2014,2010,0.29,0.346,0.367,0.713,5,30,43,128
梯ж撩,辦辦,2015,2010,0.29,0.363,0.489,0.852,19,73,34,144
窕蝐,辦辦,2015,2010,0.29,0.351,0.521,0.871,26,97,35,144
檜營錳,辦辦,2016,2010,0.29,0.368,0.436,0.803,15,64,44,144
鬼寥,辦謝,2018,2010,0.29,0.357,0.524,0.881,29,84,44,144
譆營,辦辦,2019,2010,0.29,0.398,0.362,0.76,3,31,26,144
夢п團,辦謝,2020,2010,0.29,0.345,0.415,0.76,11,55,30,144
檜虜熱,辦辦,1982,1980,0.289,0.4,0.5,0.9,13,51,14,80
梯營⑷,謝謝,1994,1990,0.289,0.379,0.495,0.874,21,80,11,126
Я橫蝦,辦謝,1999,1990,0.289,0.356,0.498,0.854,31,108,29,132
薑唳寡,辦辦,2000,1990,0.289,0.355,0.457,0.812,12,38,20,133
姨瘓,辦辦,2002,2000,0.289,0.347,0.454,0.801,18,70,14,133
梯鷓諫,辦辦,2009,2000,0.289,0.422,0.539,0.961,23,68,24,133
槳衛ь,辦辦,2009,2000,0.289,0.366,0.437,0.803,11,59,25,133
歎雖虜,辦辦,2009,2000,0.289,0.386,0.521,0.908,22,67,26,133
鬼團,辦辦,2011,2010,0.289,0.366,0.48,0.846,19,66,17,133
嶸и遽,辦辦,2011,2010,0.289,0.365,0.369,0.734,3,54,18,133
窕蝐,辦辦,2011,2010,0.289,0.364,0.445,0.809,12,68,19,133
梯營,辦辦,2020,2010,0.289,0.362,0.346,0.708,2,39,31,144
寡薑渠,辦辦,2020,2010,0.289,0.372,0.42,0.792,13,65,32,144
檜惜擎,辦辦,1984,1980,0.288,0.341,0.497,0.839,18,68,11,100
梯辦斬,辦辦,1985,1980,0.288,0.359,0.383,0.742,5,31,12,110
梯撩楚,辦辦,1986,1980,0.288,0.36,0.427,0.787,8,48,10,108
梯辨繹,辦辦,1986,1980,0.288,0.355,0.447,0.801,10,57,11,108
褐唳衝,謝謝,1988,1980,0.288,0.333,0.368,0.7,4,38,21,108
梯辨措,辦辦,1989,1980,0.288,0.351,0.42,0.771,9,44,10,120
梯⑽戮,謝謝,1991,1990,0.288,0.357,0.436,0.792,11,71,17,126
檜ˉ,辦辦,1991,1990,0.288,0.396,0.493,0.889,21,84,18,126
梯團2,辦辦,1995,1990,0.288,0.347,0.378,0.725,2,30,14,126
檜翕熱,辦辦,1995,1990,0.288,0.367,0.5,0.867,22,81,15,126
夢⑷蝓,辦辦,1996,1990,0.288,0.36,0.435,0.795,8,51,11,126
薑熱斬,謝謝,1998,1990,0.288,0.357,0.379,0.736,1,36,17,126
譆鷓錳,辦辦,1998,1990,0.288,0.338,0.373,0.711,4,39,18,126
夢霞虜,辦辦,2000,1990,0.288,0.345,0.486,0.83,15,58,21,133
蝶嘐蝶,辦辦,2000,1990,0.288,0.37,0.605,0.975,35,100,22,133
夢⑷蝓,辦辦,2001,2000,0.288,0.402,0.391,0.793,5,53,25,133
鬼翕辦,謝謝,2002,2000,0.288,0.348,0.408,0.756,9,49,15,133
夢辨鷗,辦謝,2002,2000,0.288,0.362,0.467,0.829,9,55,16,133
寰唳⑷,辦辦,2002,2000,0.288,0.349,0.403,0.752,8,58,17,133
檜遽,辦辦,2002,2000,0.288,0.356,0.507,0.863,23,64,18,133
霞骨辨,辦辦,2005,2000,0.288,0.358,0.389,0.747,6,41,16,126
霞骨辨,辦辦,2006,2000,0.288,0.342,0.399,0.741,6,47,10,126
釭輿,辦辦,2009,2000,0.288,0.351,0.44,0.791,15,65,27,133
鬼翕辦,謝謝,2011,2010,0.288,0.359,0.4,0.758,13,51,20,133
寰纂,辦辦,2012,2010,0.288,0.343,0.378,0.721,3,64,18,133
梯鼻熱,辦辦,2014,2010,0.288,0.353,0.407,0.76,5,63,44,128
檜辨敘,謝謝,2014,2010,0.288,0.384,0.344,0.727,0,20,45,128
檜謙遵,謝謝,2014,2010,0.288,0.351,0.411,0.762,6,78,46,128
寥鼻錳,辦謝,2016,2010,0.288,0.359,0.364,0.723,3,49,45,144
譆薑,辦辦,2016,2010,0.288,0.407,0.58,0.987,40,106,46,144
梯ж撩,辦辦,2018,2010,0.288,0.361,0.474,0.834,20,84,45,144
ъ唳團,辦辦,2019,2010,0.288,0.355,0.371,0.726,4,60,27,144
夢辨撩,辦辦,1983,1980,0.287,0.358,0.493,0.851,17,63,12,100
彌翕敕,謝謝,1984,1980,0.287,0.393,0.436,0.828,10,40,12,100
嶸舒翮,辦辦,1985,1980,0.287,0.382,0.483,0.866,13,50,13,110
盟醞橾,辦辦,1987,1980,0.287,0.358,0.364,0.721,2,28,16,108
姘挨,謝謝,1987,1980,0.287,0.353,0.402,0.755,7,49,17,108
喻雙膨,辦辦,1989,1980,0.287,0.374,0.381,0.755,1,56,11,120
梯鼻措,辦辦,1990,1980,0.287,0.382,0.43,0.812,10,46,13,120
檜虜熱,辦辦,1990,1980,0.287,0.388,0.54,0.928,26,57,14,120
梯惜葡,謝謝,1992,1990,0.287,0.339,0.352,0.691,1,31,21,126
薑艙敘,謝謝,1995,1990,0.287,0.356,0.451,0.807,11,45,16,126
歎雖虜,辦辦,1996,1990,0.287,0.36,0.52,0.881,18,53,12,126
梯營⑷,謝謝,1999,1990,0.287,0.374,0.468,0.842,21,94,30,132
蝶嘐蝶,辦辦,1999,1990,0.287,0.33,0.635,0.965,40,98,31,132
梯謙措,辦辦,2002,2000,0.287,0.362,0.393,0.755,8,53,19,133
等檜綠蝶,謝謝,2002,2000,0.287,0.366,0.505,0.871,21,72,20,133
梯營⑷,謝謝,2006,2000,0.287,0.419,0.404,0.824,8,51,11,126
姨瘓,辦辦,2006,2000,0.287,0.336,0.405,0.742,10,56,12,126
釭雖諫,辦辦,2013,2010,0.287,0.397,0.474,0.871,21,96,23,128
檜鷗斬,辦辦,2013,2010,0.287,0.346,0.413,0.759,9,66,24,128
薑⑷戮,辦辦,2013,2010,0.287,0.362,0.368,0.73,4,27,25,128
釭夥煎,辦辦,2015,2010,0.287,0.397,0.596,0.993,48,137,36,144
梯霞辦,辦辦,1986,1980,0.286,0.375,0.455,0.831,8,41,12,108
梯⑽戮,謝謝,1986,1980,0.286,0.332,0.401,0.733,8,47,13,108
梯營夢,辦辦,1989,1980,0.286,0.378,0.345,0.722,3,27,12,120
梯⑽戮,謝謝,1989,1980,0.286,0.349,0.418,0.767,10,57,13,120
梯謙賅,辦辦,1990,1980,0.286,0.354,0.423,0.776,10,64,15,120
檜惜擎,辦辦,1990,1980,0.286,0.379,0.408,0.787,8,44,16,120
錳錳斬,辦謝,1991,1990,0.286,0.368,0.39,0.758,3,38,19,126
鬼戮繭,辦辦,1996,1990,0.286,0.343,0.373,0.716,4,49,13,126
鬼戮繭,辦辦,2000,1990,0.286,0.349,0.4,0.748,7,49,23,133
憮辨綴,謝謝,2001,2000,0.286,0.352,0.358,0.711,0,49,26,133
檜艙辦,謝謝,2001,2000,0.286,0.383,0.486,0.868,15,65,27,133
梯翕輿,辦辦,2004,2000,0.286,0.404,0.467,0.871,19,76,23,133
夢霞虜,辦辦,2004,2000,0.286,0.361,0.445,0.806,17,69,24,133
濰錳霞,辦曄,2005,2000,0.286,0.361,0.345,0.706,3,42,17,126
薑唳寡,辦辦,2005,2000,0.286,0.356,0.405,0.761,11,63,18,126
薑熱斬,謝謝,2005,2000,0.286,0.371,0.354,0.725,0,29,19,126
檜璃辨,謝謝,2006,2000,0.286,0.381,0.376,0.757,7,43,13,126
鬼薑,辦辦,2009,2000,0.286,0.347,0.508,0.855,23,81,28,133
譆鬄,謝謝,2010,2000,0.286,0.401,0.482,0.883,21,84,26,133
梯翕輿,辦辦,2011,2010,0.286,0.396,0.475,0.871,17,75,21,133
譆遽戮,辦辦,2014,2010,0.286,0.416,0.507,0.923,23,90,47,128
ъ唳團,辦辦,2016,2010,0.286,0.357,0.385,0.742,7,81,47,144
掏騊,辦辦,2017,2010,0.286,0.371,0.458,0.829,19,86,38,144
檜⑽謙,辦辦,2019,2010,0.286,0.364,0.442,0.806,13,63,28,144
寰纂,辦辦,2020,2010,0.286,0.351,0.413,0.763,8,54,33,144
檜辨敘,謝謝,2020,2010,0.286,0.381,0.337,0.718,1,32,34,144
梯辨措,辦辦,1988,1980,0.285,0.348,0.351,0.699,3,42,22,108
梯唳晦,辦辦,1990,1980,0.285,0.37,0.432,0.803,10,68,17,120
盟醞橾,辦辦,1991,1990,0.285,0.35,0.392,0.742,5,45,20,126
夢薑鷓,辦辦,1991,1990,0.285,0.347,0.464,0.811,14,74,21,126
梯鼻,謝謝,1993,1990,0.285,0.346,0.424,0.77,12,71,9,126
梯擬措,謝謝,1993,1990,0.285,0.351,0.396,0.747,3,48,10,126
檜蝓膨,謝謝,1995,1990,0.285,0.349,0.477,0.826,13,73,17,126
褕營з,謝謝,1996,1990,0.285,0.401,0.468,0.869,18,72,14,126
褕營з,謝謝,1997,1990,0.285,0.37,0.455,0.825,15,84,20,126
夢薑鷓,辦辦,2000,1990,0.285,0.362,0.381,0.743,6,53,24,133
梯渠櫛,謝謝,2001,2000,0.285,0.328,0.391,0.719,5,33,28,133
梯謙措,辦辦,2001,2000,0.285,0.358,0.377,0.735,4,25,29,133
濰錳霞,辦曄,2001,2000,0.285,0.336,0.359,0.695,5,53,30,133
譆晦僥,辦曄,2002,2000,0.285,0.335,0.426,0.761,8,50,21,133
蛤嬴鍔,辦辦,2003,2000,0.285,0.347,0.494,0.841,22,63,23,133
褻唳,辦辦,2003,2000,0.285,0.37,0.527,0.897,23,68,24,133
夢и檜,謝謝,2006,2000,0.285,0.39,0.376,0.766,6,43,14,126
檜謙翮,辦曄,2007,2000,0.285,0.347,0.36,0.707,4,53,18,126
薑熱綴,謝謝,2011,2010,0.285,0.357,0.372,0.729,1,38,22,133
鬼團,辦辦,2017,2010,0.285,0.363,0.482,0.846,22,68,39,144
ж輿戮,辦謝,2017,2010,0.285,0.322,0.44,0.762,11,52,40,144
檜渠,辦辦,2019,2010,0.285,0.36,0.435,0.795,16,88,29,144
梯撩,辦謝,2020,2010,0.285,0.345,0.399,0.744,7,61,35,144
梯辨,辦辦,1982,1980,0.284,0.362,0.457,0.818,11,38,15,80
褻嚙,辦辦,1982,1980,0.284,0.333,0.405,0.738,4,35,16,80
鬼薑望,謝謝,1988,1980,0.284,0.356,0.385,0.74,4,32,23,108
鬼薑望,謝謝,1989,1980,0.284,0.354,0.387,0.742,4,48,14,120
檜虜熱,辦辦,1989,1980,0.284,0.375,0.482,0.857,20,64,15,120
夢繹辦,謝謝,1990,1980,0.284,0.374,0.43,0.804,10,45,18,120
梯翕熱,辦辦,1998,1990,0.284,0.363,0.51,0.873,20,66,19,126
濰謙,辦辦,1999,1990,0.284,0.368,0.533,0.901,27,86,32,132
夢營,辦辦,2001,2000,0.284,0.381,0.448,0.828,18,80,31,133
褐翕輿,辦辦,2001,2000,0.284,0.355,0.437,0.792,11,52,32,133
梯擬措,謝謝,2002,2000,0.284,0.345,0.365,0.71,3,49,22,133
檜璃辨,謝謝,2002,2000,0.284,0.36,0.472,0.831,19,76,23,133
槳檣,謝謝,2004,2000,0.284,0.384,0.382,0.767,5,42,25,133
濰錳霞,辦曄,2004,2000,0.284,0.354,0.373,0.727,5,49,26,133
ゃ煎辦,辦辦,2005,2000,0.284,0.351,0.5,0.851,23,69,20,126
等檜綠蝶,謝謝,2006,2000,0.284,0.373,0.487,0.86,21,74,15,126
寰唳⑷,辦辦,2006,2000,0.284,0.377,0.44,0.816,15,70,16,126
檜營輿,辦辦,2006,2000,0.284,0.373,0.456,0.829,13,59,17,126
檜謙遵,謝謝,2006,2000,0.284,0.352,0.358,0.71,1,32,18,126
薑斬辦,辦辦,2006,2000,0.284,0.335,0.402,0.738,8,42,19,126
檜彰,辦辦,2009,2000,0.284,0.371,0.505,0.876,25,79,29,133
譆⑽辦,辦謝,2009,2000,0.284,0.377,0.508,0.885,23,83,30,133
窕蝐,辦辦,2009,2000,0.284,0.35,0.453,0.803,18,63,31,133
夢и檜,謝謝,2013,2010,0.284,0.353,0.376,0.729,6,55,26,128
梯撩⑷,辦辦,2014,2010,0.284,0.372,0.377,0.749,5,43,48,128
夢唳熱,辦辦,2015,2010,0.284,0.398,0.507,0.905,22,73,37,144
濰撩辦,辦辦,2015,2010,0.284,0.351,0.425,0.776,13,77,38,144
夢п團,辦謝,2017,2010,0.284,0.339,0.393,0.732,7,54,41,144
и翕團,辦謝,2018,2010,0.284,0.372,0.601,0.973,41,115,46,144
濘,辦謝,2019,2010,0.284,0.342,0.46,0.802,18,73,30,144
螃渠戮,辦辦,1982,1980,0.283,0.374,0.395,0.77,4,30,17,80
梯撩楚,辦辦,1985,1980,0.283,0.389,0.467,0.856,13,51,14,110
梯營夢,辦辦,1987,1980,0.283,0.351,0.373,0.725,1,24,18,108
梯謙ь,辦辦,1993,1990,0.283,0.353,0.35,0.703,0,25,11,126
檜貲熱,辦辦,1993,1990,0.283,0.356,0.398,0.754,4,56,12,126
梯營⑷,謝謝,1996,1990,0.283,0.369,0.411,0.779,11,60,15,126
夢霞虜,辦辦,1996,1990,0.283,0.318,0.402,0.719,6,38,16,126
盟雖⑷,辦辦,2001,2000,0.283,0.392,0.411,0.802,9,53,33,133
粽葬傳,辦辦,2002,2000,0.283,0.355,0.499,0.854,25,90,24,133
夢霞虜,辦辦,2003,2000,0.283,0.366,0.458,0.824,16,48,25,133
夢霞虜,辦辦,2006,2000,0.283,0.383,0.432,0.814,11,65,20,126
嫦等蝶,謝謝,2007,2000,0.283,0.385,0.407,0.792,13,72,19,126
陛腦衛嬴,謝謝,2008,2000,0.283,0.354,0.541,0.896,30,111,21,126
濰團戮,謝謝,2010,2000,0.283,0.337,0.372,0.71,1,47,27,133
檜辨敘,謝謝,2012,2010,0.283,0.373,0.332,0.705,2,37,19,133
堅詭鍔,辦辦,2016,2010,0.283,0.326,0.489,0.815,21,62,48,144
梯團撩,辦辦,2018,2010,0.283,0.354,0.414,0.768,10,45,47,144
喻霞⑶,辦謝,2018,2010,0.283,0.338,0.431,0.769,11,42,48,144
梯營,辦謝,2019,2010,0.283,0.369,0.434,0.804,15,91,31,144
窕蝐,辦辦,2019,2010,0.283,0.361,0.467,0.827,20,67,32,144
梯檣衝,辦辦,1986,1980,0.282,0.323,0.35,0.672,2,29,14,108
ъ敘螟,謝謝,1989,1980,0.282,0.348,0.373,0.72,3,28,16,120
夢繹辦,謝謝,1991,1990,0.282,0.371,0.448,0.819,14,80,22,126
瞪遽,謝謝,1993,1990,0.282,0.354,0.333,0.687,1,31,13,126
梯謙戮,謝謝,1994,1990,0.282,0.342,0.398,0.741,5,64,12,126
褕薑熱,辦辦,1995,1990,0.282,0.348,0.508,0.856,21,59,18,126
梯摹霞,辦辦,1998,1990,0.282,0.328,0.417,0.745,8,46,20,126
夢唳諫,辦辦,2000,1990,0.282,0.417,0.615,1.032,40,95,25,133
寰唳⑷,辦辦,2001,2000,0.282,0.369,0.466,0.835,17,87,34,133
夢謙,辦曄,2004,2000,0.282,0.345,0.377,0.722,8,59,27,133
褕營з,謝謝,2004,2000,0.282,0.413,0.532,0.945,22,81,28,133
薑爾貲,辦辦,2007,2000,0.282,0.335,0.373,0.708,2,45,20,126
褻檣撩,辦辦,2007,2000,0.282,0.331,0.432,0.763,13,73,21,126
鬼薑,辦辦,2011,2010,0.282,0.355,0.401,0.756,9,63,23,133
梯團撩,辦辦,2013,2010,0.282,0.36,0.441,0.801,15,72,27,128
褻艙,謝謝,2013,2010,0.282,0.349,0.413,0.762,6,39,28,128
檜營錳,辦辦,2015,2010,0.282,0.366,0.427,0.794,17,100,39,144
梯團撩,辦辦,2017,2010,0.282,0.351,0.436,0.787,15,78,42,144
煎裟,辦辦,2020,2010,0.282,0.399,0.546,0.946,32,91,36,144
梯辨繹,辦辦,1983,1980,0.281,0.354,0.486,0.84,14,38,13,100
嶸舒翮,辦辦,1988,1980,0.281,0.344,0.384,0.728,7,38,24,108
嶸蝓寰,辦辦,1989,1980,0.281,0.366,0.492,0.858,21,85,17,120
鬼戮繭,辦辦,1990,1980,0.281,0.356,0.455,0.811,12,49,19,120
梯撩и,辦辦,1990,1980,0.281,0.364,0.444,0.808,11,49,20,120
梯⑽戮,謝謝,1992,1990,0.281,0.357,0.466,0.824,16,71,22,126
盟醞橾,辦辦,1993,1990,0.281,0.376,0.385,0.76,8,45,14,126
寥檣熱,辦辦,1994,1990,0.281,0.333,0.388,0.721,7,49,13,126
檜貲熱,辦辦,1996,1990,0.281,0.357,0.354,0.711,4,24,17,126
褐措,辦辦,1997,1990,0.281,0.337,0.417,0.754,8,58,21,126
盟雖⑷,辦辦,2000,1990,0.281,0.364,0.376,0.74,7,38,26,133
霞骨辨,辦辦,2002,2000,0.281,0.35,0.465,0.815,18,86,25,133
む腦陪等蝶,辦辦,2002,2000,0.281,0.353,0.599,0.952,45,107,26,133
褻錳辦,辦辦,2003,2000,0.281,0.342,0.374,0.716,8,48,26,133
葆п艙,辦辦,2004,2000,0.281,0.38,0.394,0.774,11,71,29,133
歎雖虜,辦辦,2007,2000,0.281,0.351,0.45,0.801,15,64,22,126
濰撩,謝謝,2007,2000,0.281,0.384,0.42,0.804,11,62,23,126
歜營繹,辦辦,2009,2000,0.281,0.388,0.373,0.761,6,50,32,133
梯摹綴,辦辦,2012,2010,0.281,0.35,0.367,0.717,5,55,20,133
夢薑掏,謝謝,2015,2010,0.281,0.352,0.477,0.829,21,70,40,144
蝶釭檜渦,謝謝,2015,2010,0.281,0.351,0.527,0.877,26,71,41,144
梯ж撩,辦辦,2016,2010,0.281,0.36,0.477,0.837,20,84,49,144
梯團⑶,辦謝,2019,2010,0.281,0.341,0.307,0.648,0,32,33,144
梯瑰翱,辦辦,1983,1980,0.28,0.372,0.552,0.924,22,59,14,100
褐唳衝,謝謝,1985,1980,0.28,0.35,0.416,0.766,8,58,15,110
梯撩и,辦辦,1986,1980,0.28,0.338,0.453,0.791,18,57,15,108
彌湯敘,謝謝,1986,1980,0.28,0.338,0.381,0.72,3,45,16,108
梯鼻,謝謝,1989,1980,0.28,0.348,0.372,0.72,5,57,18,120
梯撩и,辦辦,1989,1980,0.28,0.412,0.512,0.924,26,84,19,120
梯⑽戮,謝謝,1990,1980,0.28,0.345,0.42,0.765,12,61,21,120
檜謙彰,辦辦,1993,1990,0.28,0.328,0.432,0.76,16,53,15,126
檜璃辨,謝謝,1996,1990,0.28,0.389,0.447,0.836,12,47,18,126
ィ,謝謝,2002,2000,0.28,0.346,0.471,0.817,18,64,27,133
寰唳⑷,辦辦,2004,2000,0.28,0.367,0.396,0.763,10,51,30,133
檜遽,辦辦,2004,2000,0.28,0.371,0.513,0.884,30,112,31,133
夢辨鷗,辦謝,2005,2000,0.28,0.346,0.432,0.778,15,71,21,126
夢營,辦辦,2007,2000,0.28,0.361,0.487,0.848,17,54,24,126
檜辨敘,謝謝,2007,2000,0.28,0.342,0.355,0.698,0,27,25,126
歎雖虜,辦辦,2008,2000,0.28,0.333,0.418,0.751,13,62,22,126
檜渠⑽,謝謝,2009,2000,0.28,0.331,0.319,0.649,2,41,33,133
褐貲繹,辦辦,2010,2000,0.28,0.364,0.408,0.772,9,57,28,133
薑斬辦,辦辦,2013,2010,0.28,0.36,0.408,0.768,9,35,29,128
梯鼻⑷,辦辦,2015,2010,0.28,0.358,0.493,0.851,27,88,42,144
螃營錳,辦謝,2015,2010,0.28,0.354,0.418,0.772,11,59,43,144
螃雖,辦謝,2016,2010,0.28,0.39,0.494,0.883,20,78,50,144
檜蝓膨,謝謝,2017,2010,0.28,0.352,0.517,0.869,24,87,43,144
夢煽,辦辦,2019,2010,0.28,0.405,0.56,0.966,33,98,34,144
葆離紫,辦辦,2020,2010,0.28,0.356,0.422,0.778,12,67,37,144
薑з熱,辦辦,1983,1980,0.279,0.353,0.359,0.712,3,30,15,100
檜惜擎,辦辦,1985,1980,0.279,0.336,0.387,0.723,6,39,16,110
姘挨,謝謝,1988,1980,0.279,0.353,0.376,0.729,4,25,25,108
и渠,辦辦,1989,1980,0.279,0.412,0.439,0.851,13,63,20,120
彌湯敘,謝謝,1990,1980,0.279,0.366,0.415,0.78,6,44,22,120
彌⑶,謝謝,1991,1990,0.279,0.357,0.358,0.715,1,29,23,126
喻雙膨,辦辦,1994,1990,0.279,0.363,0.441,0.804,10,59,14,126
檜煽敘,謝謝,1998,1990,0.279,0.329,0.415,0.744,9,67,21,126
纂詬葬蝶,辦辦,1998,1990,0.279,0.327,0.457,0.785,17,63,22,126
譆ぜ,謝謝,1999,1990,0.279,0.344,0.419,0.763,8,58,33,132
夢и檜,謝謝,2001,2000,0.279,0.377,0.445,0.822,13,61,35,133
葆腦じ啻蝶,辦辦,2002,2000,0.279,0.361,0.44,0.802,15,69,28,133
梯鼻2,辦辦,2003,2000,0.279,0.324,0.388,0.712,7,46,27,133
梯翕熱,辦辦,2006,2000,0.279,0.336,0.36,0.696,5,40,21,126
夢戮團,辦辦,2008,2000,0.279,0.38,0.45,0.83,14,64,23,126
譆⑽辦,辦謝,2010,2000,0.279,0.391,0.524,0.915,24,97,29,133
曄曖雖,辦辦,2012,2010,0.279,0.354,0.387,0.741,5,27,21,133
檜渠熱,辦辦,2012,2010,0.279,0.321,0.394,0.715,4,48,22,133
螃營橾,謝謝,2018,2010,0.279,0.381,0.539,0.92,27,80,49,144
夢撮⑶,辦謝,2019,2010,0.279,0.343,0.39,0.733,4,63,35,144
瞪遽辦,辦辦,2020,2010,0.279,0.347,0.482,0.829,26,96,38,144
姻２,辦謝,2020,2010,0.279,0.411,0.417,0.827,5,39,39,144
梯橾掏,辦辦,1985,1980,0.278,0.346,0.377,0.723,4,38,17,110
梯鼻,謝謝,1987,1980,0.278,0.335,0.416,0.751,10,57,19,108
憮薑,辦辦,1987,1980,0.278,0.352,0.358,0.711,3,28,20,108
檜ˉ,辦辦,1992,1990,0.278,0.396,0.449,0.845,14,52,23,126
檜璃辨,謝謝,1998,1990,0.278,0.353,0.438,0.791,10,45,23,126
褐翕輿,辦辦,1999,1990,0.278,0.333,0.462,0.795,22,87,34,132
梯渠櫛,謝謝,2000,1990,0.278,0.347,0.392,0.739,6,47,27,133
葆腦じ啻蝶,辦辦,2001,2000,0.278,0.353,0.498,0.851,25,96,36,133
夢營,辦辦,2002,2000,0.278,0.346,0.438,0.783,15,67,29,133
霞骨辨,辦辦,2004,2000,0.278,0.345,0.487,0.832,24,71,32,133
譆唳,謝謝,2004,2000,0.278,0.335,0.367,0.702,5,58,33,133
夢辨鷗,辦謝,2007,2000,0.278,0.336,0.432,0.768,14,66,26,126
曄遽⑶,謝謝,2008,2000,0.278,0.364,0.392,0.756,8,49,24,126
梯鼻熱,辦辦,2011,2010,0.278,0.352,0.352,0.704,2,47,24,133
夢戮團,辦辦,2011,2010,0.278,0.373,0.442,0.815,15,86,25,133
檜遽,辦辦,2013,2010,0.278,0.366,0.475,0.841,20,87,30,128
梯鼻熱,辦辦,2015,2010,0.278,0.341,0.416,0.757,8,63,44,144
螃雖,辦謝,2015,2010,0.278,0.357,0.443,0.8,11,56,45,144
螃雖,辦謝,2018,2010,0.278,0.35,0.396,0.746,11,71,50,144
塭賅蝶,辦謝,2020,2010,0.278,0.362,0.592,0.954,38,86,40,144
憲纔橫,辦辦,2020,2010,0.278,0.352,0.541,0.893,31,108,41,144
濰撩辦,辦辦,2020,2010,0.278,0.337,0.413,0.75,13,79,42,144
и翕,辦辦,2020,2010,0.278,0.361,0.436,0.797,17,67,43,144
梯渠霞,辦辦,1983,1980,0.277,0.347,0.338,0.685,2,23,16,100
檜艙掘,辦辦,1983,1980,0.277,0.329,0.386,0.714,5,36,17,100
лз熱,辦辦,1984,1980,0.277,0.315,0.399,0.714,9,45,13,100
梯辨,辦辦,1985,1980,0.277,0.346,0.454,0.8,14,47,18,110
梯翕晦,辦辦,1987,1980,0.277,0.368,0.414,0.782,9,48,21,108
堅錳睡,辦辦,1988,1980,0.277,0.341,0.408,0.749,9,50,26,108
梯唳晦,辦辦,1994,1990,0.277,0.369,0.494,0.863,23,70,15,126
盟雖⑷,辦辦,1998,1990,0.277,0.372,0.433,0.805,12,61,24,126
梯擬措,謝謝,2000,1990,0.277,0.336,0.374,0.71,6,45,28,133
薑熱斬,謝謝,2000,1990,0.277,0.34,0.353,0.693,3,50,29,133
褻錳辦,辦辦,2004,2000,0.277,0.349,0.355,0.704,3,35,34,133
梯團營,辦辦,2005,2000,0.277,0.337,0.334,0.671,2,37,22,126
ˉ,辦曄,2006,2000,0.277,0.401,0.487,0.888,22,78,22,126
螃營錳,辦謝,2011,2010,0.277,0.337,0.371,0.708,6,46,26,133
梯謙,謝謝,2013,2010,0.277,0.372,0.333,0.706,0,22,31,128
夢薑掏,謝謝,2016,2010,0.277,0.338,0.46,0.798,18,59,51,144
梯撩⑷,辦辦,2018,2010,0.277,0.333,0.357,0.69,4,55,51,144
憮勒璽,辦謝,2020,2010,0.277,0.39,0.386,0.776,5,52,44,144
彌翕敕,謝謝,1987,1980,0.276,0.355,0.34,0.695,0,48,22,108
娃簣,謝謝,1987,1980,0.276,0.337,0.401,0.738,7,26,23,108
檜牖繹,辦辦,1991,1990,0.276,0.371,0.456,0.828,17,50,24,126
葆п艙,辦辦,1996,1990,0.276,0.325,0.435,0.76,12,64,19,126
檜ˉ,辦辦,1997,1990,0.276,0.37,0.429,0.799,15,63,22,126
鬼戮繭,辦辦,1998,1990,0.276,0.31,0.384,0.695,6,42,25,126
檜蝓膨,謝謝,2001,2000,0.276,0.413,0.605,1.017,39,95,37,133
曄遽⑶,謝謝,2002,2000,0.276,0.349,0.453,0.802,14,50,30,133
槳衛ь,辦辦,2005,2000,0.276,0.352,0.373,0.725,4,60,23,126
檜彰,辦辦,2008,2000,0.276,0.377,0.47,0.847,19,77,25,126
譆⑽辦,辦謝,2008,2000,0.276,0.365,0.487,0.852,19,71,26,126
夢薑掏,謝謝,2009,2000,0.276,0.35,0.504,0.854,25,76,34,133
梯輿雙,辦辦,2010,2000,0.276,0.32,0.386,0.705,9,40,30,133
螃營錳,辦謝,2010,2000,0.276,0.332,0.336,0.668,0,37,31,133
譆霞ч,辦辦,2011,2010,0.276,0.382,0.438,0.82,19,85,27,133
賅璽團,辦辦,2013,2010,0.276,0.338,0.443,0.781,12,51,32,128
彌戮團,辦辦,2018,2010,0.276,0.338,0.448,0.786,19,60,52,144
煎裟,辦辦,2019,2010,0.276,0.374,0.508,0.882,29,95,36,144
梯撩婦,辦辦,1982,1980,0.275,0.334,0.414,0.748,7,40,18,80
梯辨,辦辦,1983,1980,0.275,0.337,0.49,0.827,18,52,18,100
梯橾掏,辦辦,1983,1980,0.275,0.345,0.364,0.709,6,26,19,100
彌翕敕,謝謝,1983,1980,0.275,0.373,0.419,0.792,10,54,20,100
梯檣衝,辦辦,1985,1980,0.275,0.329,0.324,0.653,2,16,19,110
憮薑,辦辦,1985,1980,0.275,0.336,0.334,0.671,3,21,20,110
嶸堅錠,辦辦,1986,1980,0.275,0.335,0.361,0.696,5,39,17,108
褐唳衝,謝謝,1989,1980,0.275,0.336,0.419,0.756,8,57,21,120
梯鼻,辦辦,1990,1980,0.275,0.368,0.43,0.798,14,52,23,120
鬼戮繭,辦辦,1991,1990,0.275,0.34,0.409,0.749,11,57,25,126
褐唳衝,謝謝,1993,1990,0.275,0.336,0.364,0.7,5,49,16,126
梯團2,辦辦,1994,1990,0.275,0.327,0.362,0.688,8,34,16,126
葆п艙,辦辦,1995,1990,0.275,0.365,0.46,0.825,18,87,19,126
褕撩爾,謝謝,1996,1990,0.275,0.354,0.421,0.774,5,51,20,126
濰謙,辦辦,1998,1990,0.275,0.346,0.435,0.781,17,66,26,126
濰錳霞,辦曄,2002,2000,0.275,0.322,0.322,0.644,1,30,31,133
褕薑熱,辦辦,2005,2000,0.275,0.403,0.501,0.904,28,87,24,126
瞪遽辦,辦辦,2013,2010,0.275,0.368,0.38,0.748,7,66,33,128
梯薑熱,謝謝,1982,1980,0.274,0.387,0.462,0.849,11,49,19,80
薑з熱,辦辦,1982,1980,0.274,0.397,0.368,0.765,2,25,20,80
梯辦翮,辦辦,1984,1980,0.274,0.376,0.428,0.803,12,49,14,100
梯橾,謝謝,1984,1980,0.274,0.337,0.333,0.67,0,27,15,100
姘挨,謝謝,1986,1980,0.274,0.348,0.364,0.712,3,29,18,108
梯翕熱,辦辦,1993,1990,0.274,0.353,0.462,0.815,16,56,17,126
梯唳晦,辦辦,1996,1990,0.274,0.362,0.464,0.826,20,64,21,126
薑唳寡,辦辦,1997,1990,0.274,0.33,0.44,0.77,13,72,23,126
梯唳晦,辦辦,1998,1990,0.274,0.353,0.457,0.81,18,59,27,126
瞪鼻溺,謝謝,2004,2000,0.274,0.325,0.35,0.675,5,42,35,133
褻翕雙,辦辦,2005,2000,0.274,0.36,0.439,0.8,16,63,25,126
寰唳⑷,辦辦,2007,2000,0.274,0.343,0.362,0.704,2,49,27,126
梯鼻熱,辦辦,2012,2010,0.274,0.337,0.351,0.688,2,36,23,133
釭雖諫,辦辦,2012,2010,0.274,0.375,0.405,0.779,11,56,24,133
窕蝐,辦辦,2013,2010,0.274,0.348,0.389,0.736,7,56,34,128
喻霞⑶,辦謝,2020,2010,0.274,0.356,0.48,0.836,20,82,45,144
檜п璽,辦辦,1984,1980,0.273,0.355,0.404,0.759,7,36,16,100
檜謙舒,辦辦,1989,1980,0.273,0.342,0.426,0.769,10,52,22,120
褻曄斬,辦辦,1989,1980,0.273,0.306,0.336,0.642,1,31,23,120
梯撩и,辦辦,1993,1990,0.273,0.331,0.387,0.718,6,52,18,126
梯褒,謝謝,1994,1990,0.273,0.355,0.362,0.717,3,33,17,126
梯團2,辦辦,1999,1990,0.273,0.323,0.356,0.679,3,46,35,132
濰謙,辦辦,2001,2000,0.273,0.357,0.44,0.797,15,54,38,133
葆腦じ啻蝶,辦辦,2003,2000,0.273,0.354,0.447,0.801,17,70,28,133
姪爣,辦辦,2003,2000,0.273,0.36,0.375,0.735,8,42,29,133
檜彰,辦辦,2005,2000,0.273,0.361,0.514,0.874,26,68,26,126
薑熱撩,辦謝,2005,2000,0.273,0.331,0.339,0.67,0,19,27,126
檜霞艙,謝謝,2006,2000,0.273,0.338,0.381,0.719,11,41,23,126
梯團營,辦辦,2007,2000,0.273,0.318,0.362,0.68,6,47,28,126
檜謙彰,辦辦,2009,2000,0.273,0.341,0.379,0.72,6,40,35,133
槳衛ь,辦辦,2010,2000,0.273,0.345,0.376,0.721,8,62,32,133
鬼團,辦辦,2012,2010,0.273,0.356,0.468,0.824,19,66,25,133
釭輿,辦辦,2014,2010,0.273,0.324,0.382,0.706,7,51,49,128
и渠,辦辦,1983,1980,0.272,0.305,0.406,0.711,5,44,21,100
喻雙膨,辦辦,1992,1990,0.272,0.283,0.378,0.661,6,50,24,126
檜謙遴,謝謝,1994,1990,0.272,0.296,0.337,0.633,2,32,18,126
室鶹,辦辦,1994,1990,0.272,0.345,0.428,0.772,16,72,19,126
梯鼻,辦辦,1995,1990,0.272,0.336,0.474,0.811,25,101,20,126
梯渠櫛,謝謝,1997,1990,0.272,0.341,0.402,0.742,6,35,24,126
梯團營,辦辦,1999,1990,0.272,0.32,0.375,0.695,6,53,36,132
夢и檜,謝謝,2002,2000,0.272,0.348,0.387,0.735,10,47,32,133
薑唳寡,辦辦,2003,2000,0.272,0.329,0.411,0.741,12,51,30,133
姨瘓,辦辦,2005,2000,0.272,0.323,0.398,0.722,11,74,28,126
檜艙遵,謝謝,2010,2000,0.272,0.356,0.358,0.714,4,42,33,133
梯鬼團,辦辦,2012,2010,0.272,0.316,0.354,0.67,5,31,26,133
窕蝐,辦辦,2012,2010,0.272,0.329,0.346,0.675,4,51,27,133
薑曖彌,辦辦,2013,2010,0.272,0.333,0.381,0.715,5,47,35,128
螃營錳,辦謝,2016,2010,0.272,0.36,0.356,0.716,5,58,52,144
檜彰,辦辦,2017,2010,0.272,0.37,0.505,0.875,25,89,44,144
梯斬戮,辦辦,1983,1980,0.271,0.329,0.356,0.685,4,28,22,100
檜惜擎,辦辦,1983,1980,0.271,0.333,0.404,0.738,8,36,23,100
薑艙晦,辦辦,1984,1980,0.271,0.317,0.315,0.632,1,28,17,100
褐唳衝,謝謝,1986,1980,0.271,0.331,0.345,0.676,1,34,19,108
薑з熱,辦辦,1986,1980,0.271,0.346,0.331,0.677,1,26,20,108
梯瑰翱,辦辦,1987,1980,0.271,0.328,0.369,0.697,6,39,24,108
鬼晦錠,辦辦,1990,1980,0.271,0.329,0.442,0.771,15,58,24,120
夢繹辦,謝謝,1992,1990,0.271,0.347,0.403,0.751,9,66,25,126
奢в撩,辦辦,1994,1990,0.271,0.357,0.436,0.793,12,57,20,126
檜謙舒,辦辦,1994,1990,0.271,0.33,0.434,0.764,17,52,21,126
室鶹,辦辦,1997,1990,0.271,0.399,0.489,0.887,22,79,25,126
梯и熱,辦辦,2004,2000,0.271,0.334,0.432,0.766,16,84,36,133
歎雖虜,辦辦,2005,2000,0.271,0.365,0.486,0.851,24,74,29,126
檜遽,辦辦,2005,2000,0.271,0.369,0.5,0.869,21,65,30,126
鬼團,辦辦,2007,2000,0.271,0.325,0.421,0.746,14,68,29,126
鬼薑,辦辦,2008,2000,0.271,0.331,0.392,0.723,8,47,27,126
譆遽戮,辦辦,2011,2010,0.271,0.356,0.439,0.796,15,75,28,133
譆⑽辦,辦謝,2012,2010,0.271,0.355,0.425,0.78,14,77,28,133
檜遽,辦辦,2014,2010,0.271,0.374,0.481,0.855,23,78,50,128
曄撩辦,辦謝,2016,2010,0.271,0.345,0.354,0.7,4,53,53,144
梯鼻熱,辦辦,2019,2010,0.271,0.356,0.355,0.711,5,38,37,144
旎惜螟,辦辦,1982,1980,0.27,0.365,0.441,0.806,9,37,21,80
梯橾掏,辦辦,1982,1980,0.27,0.369,0.436,0.805,11,36,22,80
梯鼻,謝謝,1984,1980,0.27,0.339,0.345,0.684,0,31,18,100
檜п璽,辦辦,1985,1980,0.27,0.363,0.381,0.744,7,43,21,110
嶸雖,辦辦,1986,1980,0.27,0.311,0.324,0.636,2,37,21,108
檜謙舒,辦辦,1987,1980,0.27,0.323,0.401,0.725,10,38,25,108
檜惜望,辦辦,1989,1980,0.27,0.366,0.332,0.699,0,38,24,120
檜勒翮,辦辦,1992,1990,0.27,0.338,0.338,0.676,4,42,26,126
梯⑽戮,謝謝,1995,1990,0.27,0.321,0.418,0.739,10,68,21,126
歎雖虜,辦辦,2006,2000,0.27,0.344,0.415,0.759,16,53,24,126
薑撩,辦辦,2008,2000,0.27,0.344,0.366,0.71,3,34,28,126
檜彰,辦辦,2015,2010,0.27,0.375,0.519,0.894,28,79,46,144
梯撩,辦謝,2018,2010,0.27,0.327,0.367,0.694,5,45,53,144
梯鬼團,辦辦,2019,2010,0.27,0.326,0.37,0.696,8,50,38,144
嶸鬼陴,辦辦,2019,2010,0.27,0.338,0.438,0.775,16,49,39,144
檜璽霞,辦辦,2019,2010,0.27,0.363,0.383,0.746,6,48,40,144
譆薑,辦辦,2020,2010,0.27,0.392,0.538,0.93,33,96,46,144
梯唳陴,辦辦,1982,1980,0.269,0.298,0.384,0.682,3,27,23,80
曄撮謙,辦辦,1982,1980,0.269,0.331,0.389,0.72,7,37,24,80
曄蝓婦,辦辦,1982,1980,0.269,0.332,0.401,0.733,8,40,25,80
褐唳衝,謝謝,1987,1980,0.269,0.319,0.352,0.672,3,39,26,108
彌湯敘,謝謝,1987,1980,0.269,0.307,0.339,0.646,2,34,27,108
梯鼻,辦辦,1996,1990,0.269,0.327,0.467,0.794,20,75,22,126
檜艙辦,謝謝,1996,1990,0.269,0.352,0.414,0.765,8,39,23,126
盟雖⑷,辦辦,1997,1990,0.269,0.36,0.347,0.706,3,45,26,126
褕撩爾,謝謝,1997,1990,0.269,0.329,0.459,0.788,15,73,27,126
歎雖虜,辦辦,1998,1990,0.269,0.356,0.426,0.782,16,49,28,126
褕撩爾,謝謝,1998,1990,0.269,0.327,0.495,0.822,24,86,29,126
室鶹,辦辦,1998,1990,0.269,0.38,0.43,0.81,15,62,30,126
瞪遽,謝謝,2003,2000,0.269,0.353,0.353,0.706,3,38,31,133
и鼻,辦謝,2011,2010,0.269,0.329,0.337,0.666,3,39,29,133
檜彰,辦辦,2014,2010,0.269,0.363,0.497,0.86,19,82,51,128
鬼團,辦辦,2018,2010,0.269,0.336,0.457,0.793,22,71,54,144
褐唳衝,謝謝,1983,1980,0.268,0.33,0.353,0.683,5,50,24,100
檜鬼絲,謝謝,1987,1980,0.268,0.315,0.35,0.665,3,42,28,108
и渠,辦辦,1992,1990,0.268,0.38,0.483,0.863,20,74,27,126
塭檜螞,謝謝,2005,2000,0.268,0.321,0.429,0.75,11,73,31,126
夢謙,辦曄,2005,2000,0.268,0.351,0.352,0.703,4,36,32,126
堅艙團,辦辦,2007,2000,0.268,0.372,0.419,0.791,12,66,30,126
檜謙遵,謝謝,2015,2010,0.268,0.349,0.368,0.717,5,52,47,144
廓鍔,辦辦,2018,2010,0.268,0.329,0.513,0.842,23,64,55,144
梯營,辦辦,2019,2010,0.268,0.381,0.358,0.739,4,48,41,144
檜營錳,辦辦,2019,2010,0.268,0.331,0.39,0.722,12,75,42,144
檜錳戮,辦辦,2020,2010,0.268,0.341,0.407,0.748,13,74,47,144
掏舒褻,辦辦,1984,1980,0.267,0.323,0.314,0.637,1,25,19,100
梯遽,辦辦,1984,1980,0.267,0.316,0.358,0.675,6,29,20,100
彌翕敕,謝謝,1986,1980,0.267,0.353,0.348,0.701,2,37,22,108
梯營夢,辦辦,1988,1980,0.267,0.311,0.33,0.641,2,26,27,108
褐唳衝,謝謝,1992,1990,0.267,0.329,0.333,0.662,3,41,28,126
夢遽鷓,辦辦,1993,1990,0.267,0.345,0.424,0.769,8,39,19,126
梯褒,謝謝,1997,1990,0.267,0.315,0.343,0.657,0,38,28,126
梯璽,辦辦,1998,1990,0.267,0.342,0.405,0.748,12,64,31,126
褕營з,謝謝,1998,1990,0.267,0.367,0.405,0.773,11,70,32,126
姨瘓,辦辦,2001,2000,0.267,0.315,0.375,0.69,8,48,39,133
槳衛ь,辦辦,2006,2000,0.267,0.333,0.342,0.674,2,34,25,126
褻錳辦,辦辦,2006,2000,0.267,0.326,0.305,0.631,1,25,26,126
夢и檜,謝謝,2007,2000,0.267,0.359,0.309,0.668,2,27,31,126
譆薑,辦辦,2007,2000,0.267,0.332,0.436,0.768,16,66,32,126
堅艙團,辦辦,2008,2000,0.267,0.387,0.379,0.766,9,70,29,126
曄曖雖,辦辦,2010,2000,0.267,0.347,0.471,0.817,20,68,34,133
褻檣撩,辦辦,2011,2010,0.267,0.344,0.428,0.772,15,59,30,133
雖戮,辦辦,2015,2010,0.267,0.324,0.383,0.707,11,46,48,144
梯ㄦ,辦辦,2016,2010,0.267,0.326,0.373,0.699,8,41,54,144
掘濠遵,辦謝,2019,2010,0.267,0.331,0.444,0.775,15,71,43,144
濰鷓熱,辦辦,1988,1980,0.266,0.353,0.4,0.753,8,33,28,108
寥檣熱,辦辦,1989,1980,0.266,0.346,0.34,0.687,3,26,25,120
梯惜熱,辦辦,1990,1980,0.266,0.34,0.332,0.672,4,30,25,120
и渠,辦辦,1993,1990,0.266,0.362,0.427,0.789,13,46,20,126
歎雖虜,辦辦,1997,1990,0.266,0.322,0.435,0.757,14,45,29,126
夢營,辦辦,1998,1990,0.266,0.376,0.544,0.92,30,84,33,126
夢謙,辦曄,2002,2000,0.266,0.306,0.366,0.672,7,53,33,133
鬼翕辦,謝謝,2003,2000,0.266,0.341,0.388,0.729,9,57,32,133
檜紫⑽,辦辦,2003,2000,0.266,0.332,0.449,0.781,16,58,33,133
薑撩,辦辦,2004,2000,0.266,0.345,0.366,0.711,8,59,37,133
檜渠,辦辦,2005,2000,0.266,0.356,0.452,0.808,21,80,33,126
檜辨敘,謝謝,2005,2000,0.266,0.332,0.353,0.685,5,37,34,126
薑撩,辦辦,2005,2000,0.266,0.34,0.426,0.766,17,72,35,126
憮が,謝謝,2006,2000,0.266,0.38,0.489,0.87,18,61,27,126
梯鷓諫,辦辦,2008,2000,0.266,0.367,0.488,0.855,23,73,30,126
陛腦衛嬴,謝謝,2009,2000,0.266,0.358,0.518,0.876,29,84,36,133
憮勒璽,辦謝,2012,2010,0.266,0.335,0.367,0.703,1,40,29,133
薑斬辦,辦辦,2012,2010,0.266,0.333,0.362,0.695,8,46,30,133
梯營,辦謝,2020,2010,0.266,0.373,0.494,0.867,30,113,48,144
梯惜熱,辦辦,1984,1980,0.265,0.321,0.351,0.672,2,21,21,100
檜鬼絲,謝謝,1991,1990,0.265,0.332,0.416,0.747,11,55,26,126
檜ˉ,辦辦,1994,1990,0.265,0.359,0.374,0.733,9,49,22,126
梯翕輿,辦辦,1998,1990,0.265,0.32,0.473,0.792,24,89,34,126
褕營з,謝謝,2000,1990,0.265,0.361,0.486,0.847,21,75,30,133
梯謙措,辦辦,2004,2000,0.265,0.323,0.371,0.694,10,46,38,133
歎雖虜,辦辦,2004,2000,0.265,0.354,0.444,0.799,22,74,39,133
譆翕熱,辦辦,2008,2000,0.265,0.331,0.415,0.746,14,62,31,126
梯鷓諫,辦辦,2010,2000,0.265,0.42,0.422,0.842,15,62,35,133
槳輿檣,辦辦,2013,2010,0.265,0.333,0.356,0.689,3,41,36,128
檜錳戮,辦辦,2017,2010,0.265,0.325,0.45,0.775,18,62,45,144
薑熱綴,謝謝,2019,2010,0.265,0.354,0.331,0.685,0,41,44,144
и翕團,辦謝,2019,2010,0.265,0.375,0.396,0.77,12,52,45,144
梯營夢,辦辦,1986,1980,0.264,0.326,0.363,0.689,4,43,23,108
梯團,謝謝,1987,1980,0.264,0.36,0.356,0.716,4,50,29,108
濰瓣斬,辦辦,1992,1990,0.264,0.388,0.518,0.906,23,62,29,126
梯鼻,辦辦,1993,1990,0.264,0.331,0.382,0.713,11,56,21,126
梯翕晦,辦辦,1994,1990,0.264,0.349,0.429,0.779,15,50,23,126
奢в撩,辦辦,1995,1990,0.264,0.375,0.362,0.737,4,50,22,126
曄蛾,辦辦,1995,1990,0.264,0.303,0.295,0.598,0,22,23,126
譆ぜ,謝謝,1998,1990,0.264,0.336,0.377,0.713,9,49,35,126
濰謙,辦辦,2000,1990,0.264,0.355,0.494,0.849,28,81,31,133
褻唳,辦辦,2000,1990,0.264,0.35,0.508,0.858,25,64,32,133
檜渠⑽,謝謝,2008,2000,0.264,0.312,0.281,0.593,0,33,32,126
歎惜團,辦辦,2019,2010,0.264,0.299,0.357,0.656,7,51,46,144
梯檣衝,辦辦,1983,1980,0.263,0.299,0.324,0.622,1,30,25,100
嶸蝓寰,辦辦,1988,1980,0.263,0.357,0.475,0.832,15,55,29,108
譆啗艙,辦辦,1990,1980,0.263,0.335,0.353,0.688,1,21,26,120
瞪遽,謝謝,1991,1990,0.263,0.357,0.347,0.704,2,48,27,126
鬼薑望,謝謝,1992,1990,0.263,0.37,0.429,0.799,14,63,30,126
夢啗錳,辦辦,1993,1990,0.263,0.315,0.332,0.647,3,43,22,126
譆鷓錳,辦辦,1993,1990,0.263,0.337,0.313,0.65,1,23,23,126
薑熱斬,謝謝,1997,1990,0.263,0.348,0.313,0.661,2,34,30,126
夢霞虜,辦辦,1999,1990,0.263,0.322,0.349,0.671,3,42,37,132
梯и熱,辦辦,2000,1990,0.263,0.322,0.369,0.69,7,57,33,133
釭雖諫,辦辦,2009,2000,0.263,0.369,0.474,0.843,23,73,37,133
檜撩翮,辦謝,2010,2000,0.263,0.339,0.504,0.842,24,86,36,133
薑撩,辦辦,2010,2000,0.263,0.339,0.356,0.695,4,38,37,133
螃摹霞,辦辦,2012,2010,0.263,0.309,0.346,0.654,3,41,31,133
濰撩,謝謝,2012,2010,0.263,0.365,0.392,0.756,9,52,32,133
賅璽團,辦辦,2014,2010,0.263,0.317,0.413,0.73,16,72,52,128
曄戮,辦辦,2017,2010,0.263,0.328,0.431,0.759,14,83,46,144
梯鼻熱,辦辦,2018,2010,0.263,0.31,0.362,0.673,10,50,56,144
曄戮,辦辦,2018,2010,0.263,0.305,0.455,0.761,22,82,57,144
歎艙遴,謝謝,1982,1980,0.262,0.326,0.323,0.649,1,28,26,80
梯鼠謙,辦辦,1983,1980,0.262,0.312,0.453,0.765,12,60,26,100
辦唳ж,辦辦,1986,1980,0.262,0.315,0.346,0.662,5,18,24,108
薑掘摹,辦辦,1986,1980,0.262,0.333,0.406,0.739,13,42,25,108
梯惜熱,辦辦,1988,1980,0.262,0.334,0.363,0.697,6,40,30,108
夢謙,謝謝,1988,1980,0.262,0.322,0.327,0.649,3,36,31,108
梯晦鷓,謝謝,1991,1990,0.262,0.374,0.487,0.861,27,92,28,126
室鶹,辦辦,1993,1990,0.262,0.356,0.401,0.757,13,61,24,126
梯⑽戮,謝謝,1994,1990,0.262,0.335,0.341,0.676,6,51,24,126
梯辨摹,辦辦,1995,1990,0.262,0.326,0.403,0.728,10,38,24,126
姪爣,辦辦,1996,1990,0.262,0.345,0.385,0.729,9,47,24,126
翕瑰繹,謝謝,1997,1990,0.262,0.339,0.372,0.711,5,29,31,126
譆櫛撩,辦辦,1998,1990,0.262,0.369,0.406,0.775,13,42,36,126
譆鷓錳,辦辦,2000,1990,0.262,0.345,0.323,0.668,5,50,34,133
瞪鼻溺,謝謝,2003,2000,0.262,0.334,0.329,0.663,1,29,34,133
梯鼻2,辦辦,2004,2000,0.262,0.312,0.378,0.69,8,45,40,133
檜錳戮,辦辦,2007,2000,0.262,0.3,0.303,0.604,1,29,33,126
夢唳諫,辦辦,2010,2000,0.262,0.369,0.425,0.794,14,67,38,133
螃雖,辦謝,2014,2010,0.262,0.351,0.413,0.765,8,56,53,128
褻翕,謝謝,2014,2010,0.262,0.315,0.325,0.64,2,52,54,128
夢唳熱,辦辦,2017,2010,0.262,0.352,0.43,0.782,15,66,47,144
夢唳熱,辦辦,2018,2010,0.262,0.356,0.472,0.828,25,74,58,144
薑擎錳,辦謝,2019,2010,0.262,0.317,0.374,0.691,8,57,47,144
лз熱,辦辦,1982,1980,0.261,0.321,0.41,0.731,7,51,27,80
лз熱,辦辦,1983,1980,0.261,0.29,0.359,0.649,5,32,27,100
薑掘摹,辦辦,1985,1980,0.261,0.38,0.406,0.786,14,53,22,110
梯橾掏,辦辦,1989,1980,0.261,0.316,0.334,0.65,1,28,26,120
梯撩и,辦辦,1992,1990,0.261,0.331,0.415,0.746,15,59,31,126
歎掘,辦辦,1996,1990,0.261,0.333,0.378,0.712,7,38,25,126
梯璽,辦辦,1999,1990,0.261,0.371,0.384,0.756,10,39,38,132
粽葬傳,辦辦,2004,2000,0.261,0.347,0.416,0.763,13,50,41,133
曄遽⑶,謝謝,2005,2000,0.261,0.369,0.404,0.772,13,50,36,126
梯輿雙,辦辦,2007,2000,0.261,0.294,0.349,0.643,5,30,34,126
歎惜團,辦辦,2009,2000,0.261,0.287,0.403,0.69,14,43,38,133
檜渠⑽,謝謝,2010,2000,0.261,0.333,0.304,0.637,1,43,39,133
譆霞ч,辦辦,2010,2000,0.261,0.339,0.515,0.854,32,92,40,133
粽塭遴,辦辦,2015,2010,0.261,0.361,0.496,0.857,28,76,49,144
嶸鬼陴,辦辦,2020,2010,0.261,0.33,0.415,0.745,16,74,49,144
姘挨,謝謝,1985,1980,0.26,0.327,0.412,0.739,11,58,23,110
彌營,辦辦,1990,1980,0.26,0.315,0.328,0.643,2,33,27,120
檜摹錠,辦辦,1990,1980,0.26,0.323,0.3,0.624,1,47,28,120
夢謙,辦曄,1994,1990,0.26,0.365,0.391,0.756,6,56,25,126
梯翕熱,辦辦,1995,1990,0.26,0.337,0.407,0.744,10,35,25,126
濰錳霞,辦曄,1995,1990,0.26,0.32,0.377,0.696,9,58,26,126
薑撩,辦辦,2000,1990,0.26,0.296,0.326,0.622,1,37,35,133
鬼戮繭,辦辦,2001,2000,0.26,0.31,0.324,0.634,2,45,40,133
梯鼻2,辦辦,2001,2000,0.26,0.306,0.336,0.642,6,41,41,133
梯團營,辦辦,2004,2000,0.26,0.289,0.322,0.611,4,40,42,133
檜謙彰,辦辦,2004,2000,0.26,0.344,0.422,0.766,17,52,43,133
夢雙,辦辦,2019,2010,0.26,0.299,0.317,0.616,2,49,48,144
梯檣衝,辦辦,1982,1980,0.259,0.324,0.317,0.641,3,25,28,80
離艙,辦辦,1982,1980,0.259,0.333,0.309,0.642,1,12,29,80
夢謙,謝謝,1986,1980,0.259,0.332,0.363,0.694,6,28,26,108
葆п艙,辦辦,1997,1990,0.259,0.329,0.487,0.815,25,75,32,126
夢營,辦辦,2006,2000,0.259,0.356,0.431,0.787,18,73,28,126
褻翕雙,辦辦,2006,2000,0.259,0.312,0.376,0.688,10,46,29,126
夢唳熱,辦辦,2008,2000,0.259,0.32,0.36,0.68,8,43,33,126
梯撩и,辦辦,1984,1980,0.258,0.336,0.411,0.747,12,41,22,100
梯檣衝,辦辦,1984,1980,0.258,0.305,0.357,0.662,3,28,23,100
鬼薑望,謝謝,1994,1990,0.258,0.351,0.357,0.709,6,50,26,126
檜ˉ,辦辦,1996,1990,0.258,0.306,0.359,0.665,9,63,26,126
譆鷓錳,辦辦,1996,1990,0.258,0.313,0.327,0.641,1,40,27,126
梯鷓敕,辦辦,1997,1990,0.258,0.345,0.467,0.812,16,62,33,126
梯團營,辦辦,2002,2000,0.258,0.3,0.387,0.687,12,50,34,133
檜紫⑽,辦辦,2005,2000,0.258,0.326,0.478,0.804,22,72,37,126
褕薑熱,辦辦,2007,2000,0.258,0.382,0.515,0.897,31,101,35,126
薑,辦辦,2013,2010,0.258,0.321,0.364,0.684,5,37,37,128
譆雖,辦謝,2020,2010,0.258,0.318,0.326,0.645,1,27,50,144
憮薑,辦辦,1983,1980,0.257,0.318,0.339,0.657,3,34,28,100
檜艙掘,辦辦,1984,1980,0.257,0.33,0.357,0.687,5,37,24,100
檜牖繹,辦辦,1986,1980,0.257,0.323,0.451,0.774,14,40,27,108
梯鼻,辦辦,1989,1980,0.257,0.352,0.412,0.764,13,56,27,120
鬼戮繭,辦辦,1992,1990,0.257,0.308,0.427,0.736,12,54,32,126
梯翕熱,辦辦,1992,1990,0.257,0.343,0.475,0.818,20,69,33,126
薑艙敘,謝謝,1993,1990,0.257,0.327,0.386,0.713,11,41,25,126
寥營,辦辦,1998,1990,0.257,0.329,0.42,0.749,13,45,37,126
夢唳諫,辦辦,2001,2000,0.257,0.392,0.463,0.856,24,81,42,133
姨撚,辦辦,2002,2000,0.257,0.312,0.399,0.711,12,69,35,133
夢辨鷗,辦謝,2003,2000,0.257,0.321,0.391,0.711,11,51,35,133
褻檣撩,辦辦,2003,2000,0.257,0.294,0.446,0.741,19,58,36,133
譆翕熱,辦辦,2004,2000,0.257,0.3,0.433,0.733,15,57,44,133
檜彰,辦辦,2006,2000,0.257,0.364,0.463,0.828,20,73,30,126
檜⑷堆,辦辦,2008,2000,0.257,0.312,0.331,0.642,2,40,34,126
梯團辦,辦辦,2010,2000,0.257,0.347,0.376,0.723,9,44,41,133
夢謙彌,謝謝,2012,2010,0.257,0.293,0.387,0.68,9,47,33,133
蝶觼楣蝶,辦辦,2018,2010,0.257,0.345,0.483,0.828,26,97,59,144
薑掘摹,辦辦,1983,1980,0.256,0.323,0.413,0.736,15,35,29,100
憮薑,辦辦,1986,1980,0.256,0.327,0.317,0.644,3,24,28,108
梯艙霜,謝謝,1992,1990,0.256,0.345,0.385,0.73,6,44,34,126
梯鼻措,辦辦,1994,1990,0.256,0.341,0.357,0.698,7,48,27,126
辦鍔,辦辦,2002,2000,0.256,0.344,0.499,0.843,25,82,36,133
褕薑熱,辦辦,2004,2000,0.256,0.391,0.48,0.87,22,78,45,133
褐貲繹,辦辦,2005,2000,0.256,0.292,0.363,0.656,5,33,38,126
檜紫⑽,辦辦,2006,2000,0.256,0.305,0.441,0.746,19,63,31,126
夢и檜,謝謝,2011,2010,0.256,0.347,0.338,0.685,4,30,31,133
螃雖,辦謝,2013,2010,0.256,0.344,0.399,0.744,9,47,38,128
檜渠熱,辦辦,2013,2010,0.256,0.324,0.356,0.68,4,42,39,128
褻翕,謝謝,2013,2010,0.256,0.346,0.307,0.653,0,19,40,128
檜撩翮,辦謝,2019,2010,0.256,0.345,0.464,0.809,21,85,49,144
梯惜熱,辦辦,1985,1980,0.255,0.33,0.37,0.7,9,40,24,110
夢嚚,謝謝,1986,1980,0.255,0.319,0.302,0.621,0,40,29,108
褐唳衝,謝謝,1990,1980,0.255,0.318,0.358,0.676,5,42,29,120
梯鼻,謝謝,1991,1990,0.255,0.317,0.371,0.688,7,41,29,126
梯營⑷,謝謝,1995,1990,0.255,0.351,0.438,0.789,15,56,27,126
梯褒,謝謝,1998,1990,0.255,0.329,0.332,0.661,4,45,38,126
寰營虜,辦辦,2001,2000,0.255,0.343,0.385,0.728,11,44,43,133
瓣謙彰,辦辦,2001,2000,0.255,0.336,0.354,0.689,8,38,44,133
粽葬傳,辦辦,2003,2000,0.255,0.321,0.463,0.784,20,58,37,133
夢薑掏,謝謝,2012,2010,0.255,0.326,0.389,0.716,12,59,34,133
夢謙彌,謝謝,2013,2010,0.255,0.3,0.383,0.683,7,58,41,128
薑掘摹,辦辦,1987,1980,0.254,0.356,0.39,0.746,9,42,30,108
梯唳晦,辦辦,1992,1990,0.254,0.314,0.443,0.757,21,65,35,126
褻檣撩,辦辦,2004,2000,0.254,0.32,0.358,0.678,8,49,46,133
梯и熱,辦辦,2006,2000,0.254,0.342,0.359,0.7,7,54,32,126
梯鷓捱,辦辦,2015,2010,0.254,0.304,0.354,0.658,6,52,50,144
ж輿戮,辦謝,2018,2010,0.254,0.3,0.364,0.663,9,52,60,144
梯霞辦,辦辦,1983,1980,0.253,0.355,0.409,0.765,15,49,30,100
梯瑰翱,辦辦,1985,1980,0.253,0.348,0.449,0.797,17,47,25,110
褻撩螟,謝謝,1986,1980,0.253,0.289,0.311,0.599,0,16,30,108
梯橾掏,辦辦,1990,1980,0.253,0.315,0.286,0.6,0,27,30,120
檜牖繹,辦辦,1993,1990,0.253,0.338,0.392,0.73,11,44,26,126
檜謙遴,謝謝,1993,1990,0.253,0.303,0.327,0.629,2,42,27,126
薑熱斬,謝謝,1996,1990,0.253,0.313,0.324,0.638,1,26,28,126
檜渠熱,辦辦,2006,2000,0.253,0.299,0.351,0.65,5,26,33,126
檜⑷堆,辦辦,2009,2000,0.253,0.322,0.311,0.634,2,33,39,133
檜遽,辦辦,2011,2010,0.253,0.332,0.399,0.731,14,62,32,133
瞪遽辦,辦辦,2012,2010,0.253,0.325,0.364,0.689,7,38,35,133
檜蝓膨,謝謝,2013,2010,0.253,0.303,0.395,0.698,13,69,42,128
嶸雖,辦辦,1982,1980,0.252,0.289,0.361,0.65,4,38,30,80
и艙遽,辦辦,1989,1980,0.252,0.341,0.391,0.732,10,59,28,120
檜璃辨,謝謝,2005,2000,0.252,0.356,0.418,0.774,14,55,39,126
褐貲繹,辦辦,2007,2000,0.252,0.288,0.346,0.634,5,31,36,126
陛腦衛嬴,謝謝,2010,2000,0.252,0.331,0.476,0.807,26,83,42,133
夢薑掏,謝謝,2011,2010,0.252,0.315,0.393,0.708,13,53,33,133
梯營,辦辦,2014,2010,0.252,0.346,0.326,0.672,3,54,55,128
梯翕膨,辦辦,2018,2010,0.252,0.287,0.48,0.766,27,76,61,144
螃雖,辦謝,2019,2010,0.252,0.336,0.378,0.715,9,53,50,144
梯翕晦,辦辦,1989,1980,0.251,0.379,0.401,0.78,11,59,29,120
寰唳⑷,辦辦,1996,1990,0.251,0.316,0.362,0.677,8,42,29,126
鬼團,辦辦,2006,2000,0.251,0.299,0.366,0.665,9,53,34,126
憮薑,辦辦,1984,1980,0.25,0.315,0.33,0.645,5,27,25,100
薑霞,辦辦,1987,1980,0.25,0.32,0.321,0.64,2,23,31,108
梯翕晦,辦辦,1990,1980,0.25,0.348,0.44,0.788,14,46,31,120
檜勒翮,辦辦,1994,1990,0.25,0.307,0.355,0.662,7,39,28,126
夢唳諫,辦辦,1998,1990,0.25,0.32,0.458,0.778,19,66,39,126
議撮溯蝶,辦謝,1998,1990,0.25,0.291,0.301,0.593,2,36,40,126
檜謙翮,辦曄,2000,1990,0.25,0.312,0.357,0.669,6,35,36,133
梯謙措,辦辦,2003,2000,0.25,0.323,0.343,0.666,6,46,38,133
夢唳諫,辦辦,2003,2000,0.25,0.358,0.443,0.801,15,60,39,133
梯瑰翱,辦辦,1984,1980,0.249,0.35,0.452,0.802,17,48,26,100
濰瓣斬,辦辦,1988,1980,0.249,0.313,0.527,0.84,26,58,32,108
夢喻遽,謝謝,1990,1980,0.249,0.294,0.313,0.607,3,24,32,120
檜牖繹,辦辦,1990,1980,0.249,0.351,0.396,0.747,12,51,33,120
檜謙舒,辦辦,1993,1990,0.249,0.333,0.429,0.763,14,51,28,126
梯鼻,辦辦,1994,1990,0.249,0.333,0.366,0.699,9,49,29,126
盟雖⑷,辦辦,1996,1990,0.249,0.358,0.335,0.693,4,26,30,126
寰唳⑷,辦辦,1998,1990,0.249,0.307,0.362,0.669,6,38,41,126
梯團營,辦辦,2000,1990,0.249,0.315,0.314,0.629,3,33,37,133
鬼翕辦,謝謝,2006,2000,0.249,0.326,0.305,0.631,2,34,35,126
堅翕霞,謝謝,2007,2000,0.249,0.348,0.302,0.65,1,37,37,126
螃雖,辦謝,2012,2010,0.249,0.331,0.383,0.714,12,53,36,133
寰纂,辦辦,2013,2010,0.249,0.336,0.307,0.643,3,39,43,128
梯遽,辦辦,1983,1980,0.248,0.309,0.362,0.671,10,43,31,100
梯惜熱,辦辦,1986,1980,0.248,0.331,0.296,0.627,0,25,31,108
梯夥嬪,謝謝,1987,1980,0.248,0.325,0.373,0.698,9,53,32,108
梯彌,辦辦,1990,1980,0.248,0.319,0.351,0.67,3,40,34,120
譆鷓錳,辦辦,1994,1990,0.248,0.333,0.3,0.633,1,27,30,126
褕薑熱,辦辦,1996,1990,0.248,0.333,0.45,0.783,18,54,31,126
寥營,辦辦,1999,1990,0.248,0.301,0.362,0.664,7,46,39,132
檜渠,辦辦,2004,2000,0.248,0.331,0.441,0.772,20,68,47,133
譆霞ч,辦辦,2012,2010,0.248,0.364,0.443,0.807,17,55,37,133
檜彰,辦辦,2013,2010,0.248,0.35,0.452,0.802,24,73,44,128
夢翕錳,辦辦,2016,2010,0.248,0.302,0.416,0.718,14,70,55,144
褐樹,辦辦,1988,1980,0.247,0.297,0.316,0.613,4,40,33,108
瞪遽,謝謝,1997,1990,0.247,0.322,0.339,0.661,2,18,34,126
僻渦蝶,辦謝,1999,1990,0.247,0.406,0.575,0.98,40,94,40,132
瓣謙彰,辦辦,2000,1990,0.247,0.305,0.37,0.675,8,52,38,133
夢薑鷓,辦辦,2001,2000,0.247,0.333,0.382,0.715,7,59,45,133
梯橾唳,辦辦,2007,2000,0.247,0.28,0.306,0.586,3,26,38,126
夢唳諫,辦辦,2007,2000,0.247,0.355,0.44,0.795,15,60,39,126
釭輿,辦辦,2008,2000,0.247,0.298,0.332,0.63,3,46,35,126
掏辨婦,辦辦,2009,2000,0.247,0.301,0.357,0.658,7,34,40,133
梯團辦,辦辦,2011,2010,0.247,0.31,0.333,0.642,6,31,34,133
夢唳熱,辦辦,2019,2010,0.247,0.337,0.375,0.712,10,65,51,144
盟醞橾,辦辦,1989,1980,0.246,0.304,0.356,0.66,5,38,30,120
梯渠櫛,謝謝,1999,1990,0.246,0.306,0.378,0.684,9,49,41,132
檜彰,辦辦,2007,2000,0.246,0.359,0.431,0.79,21,63,40,126
霞骨辨,辦辦,2007,2000,0.246,0.343,0.32,0.663,5,39,41,126
贗塊,辦謝,2008,2000,0.246,0.34,0.451,0.791,22,79,36,126
濰團戮,謝謝,2012,2010,0.246,0.308,0.35,0.658,8,35,38,133
梯撩⑷,辦辦,2019,2010,0.246,0.299,0.3,0.599,1,34,52,144
檜錳戮,辦辦,2019,2010,0.246,0.33,0.441,0.771,19,76,53,144
嶸團鼻,辦謝,2020,2010,0.246,0.341,0.366,0.707,8,65,51,144
堅錳睡,辦辦,1986,1980,0.245,0.333,0.335,0.669,3,33,32,108
歎鷓橾,辦辦,1994,1990,0.245,0.284,0.423,0.707,15,55,31,126
盟醞橾,辦辦,1996,1990,0.245,0.319,0.31,0.629,2,35,32,126
奢в撩,辦辦,1998,1990,0.245,0.322,0.338,0.659,6,42,42,126
梯謙,辦辦,2000,1990,0.245,0.321,0.383,0.704,11,40,39,133
褕營з,謝謝,2002,2000,0.245,0.366,0.42,0.787,15,57,37,133
夢唳諫,辦辦,2005,2000,0.245,0.356,0.389,0.745,11,44,40,126
蹺蝓辦,辦謝,2008,2000,0.245,0.313,0.296,0.61,0,20,37,126
粽瑛夥,辦辦,2009,2000,0.245,0.372,0.484,0.856,27,86,41,133
寡艙撥,辦辦,2012,2010,0.245,0.332,0.306,0.638,2,34,39,133
槳衛ь,辦辦,2015,2010,0.245,0.314,0.398,0.712,13,58,51,144
梯辨,辦辦,1984,1980,0.244,0.288,0.386,0.674,9,53,27,100
寥檣熱,辦辦,1995,1990,0.244,0.306,0.352,0.658,7,40,28,126
梯⑽戮,謝謝,1996,1990,0.244,0.302,0.396,0.698,14,48,33,126
梯鷓敕,辦辦,1999,1990,0.244,0.336,0.376,0.712,12,53,42,132
,辦曄,1999,1990,0.244,0.3,0.316,0.617,4,23,43,132
譆遽戮,辦辦,2007,2000,0.244,0.331,0.43,0.761,16,75,42,126
夢霞虜,辦辦,2008,2000,0.244,0.33,0.343,0.673,5,38,38,126
濰撩,謝謝,2011,2010,0.244,0.377,0.338,0.715,8,37,35,133
譆薑,辦辦,2018,2010,0.244,0.37,0.547,0.916,35,74,62,144
梯惜熱,辦辦,1987,1980,0.243,0.336,0.283,0.619,1,41,33,108
夢啗錳,辦辦,1992,1990,0.243,0.316,0.37,0.686,6,47,36,126
鬼艙熱,辦辦,1995,1990,0.243,0.341,0.441,0.782,21,68,29,126
寥營,辦辦,1997,1990,0.243,0.325,0.426,0.751,16,55,35,126
褻撩,辦辦,2011,2010,0.243,0.304,0.334,0.638,6,36,36,133
釭撩彰,謝謝,2013,2010,0.243,0.323,0.416,0.739,14,64,45,128
檜ˉ,辦辦,2000,1990,0.242,0.354,0.365,0.719,8,57,40,133
覽塢,辦辦,2001,2000,0.242,0.336,0.481,0.817,28,66,46,133
梯輿雙,辦辦,2004,2000,0.242,0.307,0.356,0.663,7,42,48,133
濰團戮,謝謝,2013,2010,0.242,0.302,0.314,0.616,2,30,46,128
濰謙,辦辦,1988,1980,0.241,0.34,0.427,0.767,12,57,34,108
檜牖繹,辦辦,1989,1980,0.241,0.329,0.378,0.707,12,46,31,120
譆啗艙,辦辦,1989,1980,0.241,0.333,0.291,0.624,1,21,32,120
姘挨,謝謝,1989,1980,0.241,0.308,0.344,0.652,6,31,33,120
夢謙,辦曄,2001,2000,0.241,0.319,0.34,0.658,9,65,47,133
堅翕霞,謝謝,2006,2000,0.241,0.298,0.322,0.62,4,29,36,126
掏辨婦,辦辦,2007,2000,0.241,0.289,0.327,0.615,4,36,43,126
梯團營,辦辦,2008,2000,0.241,0.298,0.319,0.617,5,35,39,126
螃雖,辦謝,2010,2000,0.241,0.332,0.423,0.755,13,61,43,133
褐樹,辦辦,1982,1980,0.24,0.314,0.349,0.663,3,26,31,80
梯薑熱2,辦辦,1983,1980,0.24,0.312,0.351,0.663,5,34,32,100
奢в撩,辦辦,1993,1990,0.24,0.292,0.325,0.616,1,38,29,126
梯晦鷓,謝謝,1993,1990,0.24,0.384,0.391,0.775,9,43,30,126
梯惜葡,謝謝,1994,1990,0.24,0.3,0.33,0.63,4,31,32,126
梯鷓敕,辦辦,2000,1990,0.24,0.293,0.326,0.619,4,36,41,133
鬼翕辦,謝謝,2005,2000,0.24,0.315,0.346,0.661,6,38,41,126
檜謙遵,謝謝,2012,2010,0.24,0.307,0.284,0.591,0,39,40,133
梯辨措,辦辦,1985,1980,0.239,0.311,0.359,0.671,7,37,26,110
檜摹錠,辦辦,1989,1980,0.239,0.324,0.298,0.622,1,35,34,120
梯營夢,辦辦,1990,1980,0.239,0.301,0.289,0.589,2,45,35,120
梯,辦辦,1996,1990,0.239,0.293,0.314,0.606,1,39,34,126
譆鷓錳,辦辦,1999,1990,0.239,0.317,0.29,0.607,2,40,44,132
夢п團,辦謝,2019,2010,0.239,0.313,0.328,0.641,5,44,54,144
褐樹,辦辦,1984,1980,0.238,0.305,0.292,0.597,2,29,28,100
梯團2,辦辦,1997,1990,0.238,0.308,0.325,0.634,6,34,36,126
梯錳撥,辦謝,2010,2000,0.238,0.333,0.343,0.675,5,28,44,133
掏舒褻,辦辦,1985,1980,0.237,0.31,0.291,0.601,0,19,27,110
瓣謙措,辦辦,2005,2000,0.237,0.311,0.351,0.662,9,36,42,126
憲萄葬雖,謝謝,2011,2010,0.237,0.335,0.435,0.77,20,73,37,133
и渠,辦辦,1987,1980,0.236,0.345,0.419,0.763,13,36,34,108
梯,辦辦,1992,1990,0.236,0.32,0.337,0.658,8,48,37,126
夢遽鷓,辦辦,1992,1990,0.236,0.313,0.356,0.669,7,42,38,126
梯翕熱,辦辦,1997,1990,0.236,0.336,0.431,0.768,17,66,37,126
覽塢,辦辦,2000,1990,0.236,0.303,0.52,0.822,37,91,42,133
濰瓣斬,辦辦,1991,1990,0.235,0.32,0.414,0.734,17,48,30,126
薑唳寡,辦辦,1998,1990,0.235,0.28,0.381,0.661,11,55,43,126
薑熱斬,謝謝,2002,2000,0.235,0.306,0.286,0.592,3,22,38,133
梯謙措,辦辦,2005,2000,0.235,0.302,0.324,0.625,4,40,43,126
梯鼻⑷,辦辦,2007,2000,0.235,0.306,0.362,0.669,7,41,44,126
寰纂,辦辦,2009,2000,0.235,0.294,0.404,0.698,14,38,42,133
鬼團,辦辦,2013,2010,0.235,0.371,0.376,0.747,11,57,47,128
褕辦遽,辦辦,2020,2010,0.235,0.291,0.3,0.591,3,51,52,144
濰薑晦,辦辦,1982,1980,0.234,0.332,0.332,0.664,3,27,32,80
梯鼻2,辦辦,2006,2000,0.234,0.283,0.297,0.58,2,35,37,126
梯,辦辦,1991,1990,0.233,0.34,0.362,0.702,11,63,31,126
檜鬼絲,謝謝,1993,1990,0.233,0.305,0.336,0.641,6,33,31,126
檜п璽,辦辦,1987,1980,0.232,0.309,0.321,0.63,3,23,35,108
寥檣熱,辦辦,1991,1990,0.232,0.318,0.296,0.614,3,26,32,126
檜渠熱,辦辦,2010,2000,0.232,0.288,0.328,0.616,7,37,45,133
褻醱翮,辦辦,1982,1980,0.231,0.293,0.284,0.577,2,21,33,80
梯ゎ,辦辦,1991,1990,0.231,0.328,0.331,0.66,4,35,33,126
檜鬄,謝謝,1993,1990,0.231,0.281,0.285,0.566,2,21,32,126
寡渠錠,辦辦,1982,1980,0.23,0.3,0.332,0.632,5,27,34,80
梯撩骨,辦辦,1987,1980,0.23,0.275,0.285,0.56,0,12,36,108
雖音,辦辦,1992,1990,0.23,0.281,0.301,0.582,2,36,39,126
梯鼻2,辦辦,2009,2000,0.23,0.314,0.361,0.675,12,65,43,133
嶸舒翮,辦辦,1984,1980,0.229,0.303,0.39,0.694,11,32,29,100
檜鬄,謝謝,1991,1990,0.229,0.305,0.329,0.634,3,40,34,126
薑艙晦,辦辦,1982,1980,0.228,0.286,0.268,0.555,1,23,35,80
梯夥嬪,謝謝,1986,1980,0.228,0.344,0.342,0.686,6,31,33,108
и艙遽,辦辦,1990,1980,0.227,0.364,0.358,0.722,9,43,36,120
ъ遽,辦辦,1993,1990,0.227,0.27,0.321,0.591,5,33,33,126
夢唳諫,辦辦,1995,1990,0.227,0.34,0.432,0.772,19,46,30,126
梯檣,辦辦,1996,1990,0.227,0.326,0.365,0.69,11,37,35,126
歜熱團,辦辦,2002,2000,0.227,0.307,0.358,0.665,10,35,39,133
褐樹,辦辦,1985,1980,0.226,0.257,0.264,0.521,1,28,28,110
梯惜熱,辦辦,1991,1990,0.226,0.285,0.253,0.538,1,30,35,126
梯團2,辦辦,1998,1990,0.226,0.27,0.299,0.569,1,19,44,126
梯薑熱,謝謝,1984,1980,0.224,0.333,0.335,0.668,4,25,30,100
梯鼠謙,辦辦,1986,1980,0.224,0.277,0.331,0.609,8,44,34,108
螃摹霞,辦辦,2019,2010,0.224,0.302,0.288,0.59,3,36,55,144
掏舒褻,辦辦,1982,1980,0.223,0.316,0.287,0.603,0,35,36,80
檜摹錠,辦辦,1983,1980,0.223,0.257,0.307,0.564,5,28,33,100
梯辨繹,辦辦,1985,1980,0.223,0.29,0.33,0.62,7,36,29,110
夢雙,辦辦,2020,2010,0.223,0.276,0.275,0.551,3,36,53,144
薑掘摹,辦辦,1988,1980,0.221,0.303,0.361,0.664,12,52,35,108
梯團,謝謝,1993,1990,0.221,0.337,0.375,0.712,11,62,34,126
夢唳諫,辦辦,1999,1990,0.221,0.346,0.458,0.804,23,67,45,132
и艙遽,辦辦,1985,1980,0.219,0.308,0.298,0.606,5,27,30,110
檜牖繹,辦辦,1996,1990,0.219,0.298,0.311,0.609,5,41,36,126
夢霞虜,辦辦,2002,2000,0.219,0.303,0.369,0.672,12,57,40,133
夢唳諫,辦辦,1996,1990,0.218,0.338,0.403,0.742,15,74,37,126
梯鼠婦,辦辦,1982,1980,0.217,0.296,0.272,0.567,1,14,37,80
鬼艙熱,辦辦,1992,1990,0.217,0.356,0.419,0.775,18,61,40,126
曄辨賅,辦辦,1993,1990,0.215,0.279,0.284,0.563,2,26,35,126
梯謙措,辦辦,1996,1990,0.215,0.284,0.35,0.634,11,51,38,126
檜謙翮,辦曄,1998,1990,0.215,0.276,0.285,0.561,4,29,45,126
膩唳膨,辦辦,1994,1990,0.212,0.259,0.278,0.537,2,30,33,126
梯團營,辦辦,2003,2000,0.211,0.282,0.293,0.575,4,36,40,133
梯團營,辦辦,2006,2000,0.211,0.267,0.296,0.563,5,27,38,126
梯謙措,辦辦,1997,1990,0.21,0.272,0.323,0.596,9,35,38,126
嶸雖,辦辦,1985,1980,0.209,0.258,0.29,0.548,3,35,31,110
梯,辦辦,1993,1990,0.204,0.288,0.286,0.574,4,25,36,126
掏騊,辦辦,2013,2010,0.203,0.277,0.393,0.669,15,54,48,128
梯,辦辦,1997,1990,0.199,0.281,0.285,0.566,5,33,39,126
夢霞虜,辦辦,1997,1990,0.185,0.234,0.259,0.494,5,29,40,126
掏舒褻,辦辦,1986,1980,0.162,0.221,0.188,0.409,0,11,35,108
