name,code,year,g,tpa,ab,h,2b,3b,hr,tb,rbi,sb,cs,sh,sf,bb,ibb,hbp,so,gidp,e,avg_risp,ops_risp
정훈,60523,2015,135,562,486,146,27,2,9,204,62,16,6,7,3,52,2,14,102,14,17,0.295 ,0.829 
오태곤,60558,2015,122,353,327,90,18,1,8,134,43,15,4,4,1,17,0,4,100,9,16,0.198 ,0.598 
유강남,61102,2015,126,313,279,76,11,1,8,113,37,2,1,7,1,19,0,7,55,10,3,0.244 ,0.672 
고종욱,61353,2015,119,443,407,126,25,4,10,189,51,22,14,4,1,25,1,6,81,10,3,0.284 ,0.780 
강경학,61700,2015,120,376,311,80,7,4,2,101,27,4,3,17,3,40,1,5,58,3,15,0.233 ,0.616 
박계현,61893,2015,97,302,264,61,2,0,0,63,21,10,8,13,1,20,0,4,45,1,10,0.299 ,0.648 
구자욱,62404,2015,116,465,410,143,33,5,11,219,57,17,7,0,4,45,0,6,79,3,13,0.330 ,0.837 
박해민,62415,2015,144,608,525,154,22,7,0,190,47,60,8,23,2,56,1,2,126,8,3,0.294 ,0.750 
박민우,62907,2015,141,617,520,158,31,6,3,210,47,46,16,3,7,73,0,14,108,4,11,0.379 ,0.974 
나성범,62947,2015,144,622,564,184,34,5,28,312,135,23,4,3,8,32,1,15,127,9,6,0.367 ,1.087 
양석환,64153,2015,125,384,358,93,22,1,8,141,48,6,6,5,3,18,2,0,75,6,10,0.252 ,0.691 
스나이더,64158,2015,113,487,431,121,26,1,26,227,71,4,2,3,5,37,0,11,135,2,2,0.210 ,0.632 
김하성,64300,2015,140,582,511,148,35,5,19,250,73,22,4,4,6,56,2,5,115,10,21,0.260 ,0.784 
나바로,64440,2015,140,643,534,153,19,1,48,318,137,22,6,1,9,93,8,6,72,10,12,0.271 ,1.023 
강한울,64610,2015,90,292,264,54,8,3,0,68,12,9,4,12,0,13,0,3,51,2,12,0.167 ,0.447 
필,64699,2015,143,591,536,174,35,1,22,277,101,14,10,0,9,43,6,3,74,12,8,0.333 ,0.929 
테임즈,64914,2015,142,595,472,180,42,5,47,373,140,40,8,0,7,103,11,13,91,7,4,0.310 ,1.217 
마르테,65005,2015,115,487,425,148,32,1,20,242,89,0,0,0,8,51,7,2,60,19,15,0.305 ,0.912 
히메네스,65103,2015,70,299,279,87,17,2,11,141,46,8,2,0,4,12,1,4,48,4,6,0.238 ,0.760 
로메로,65233,2015,76,305,265,67,16,0,12,119,50,2,0,0,7,29,1,4,48,9,8,0.256 ,0.761 
아두치,65523,2015,132,594,526,165,34,5,28,293,106,24,10,1,4,55,8,8,118,9,3,0.354 ,1.104 
김호령,65653,2015,103,283,257,56,10,2,1,73,21,11,2,6,0,15,0,5,83,2,2,0.353 ,0.872 
브라운,65823,2015,137,539,464,121,21,2,28,230,76,5,2,0,2,66,4,7,127,12,3,0.232 ,0.895 
김주찬,70410,2015,98,377,333,109,23,2,18,190,62,8,2,1,8,23,3,12,58,10,0,0.294 ,0.900 
박기혁,70553,2015,126,350,300,84,13,1,1,102,30,3,0,16,1,30,0,3,84,10,8,0.310 ,0.751 
김상현,70646,2015,134,539,475,133,20,0,27,234,88,4,5,0,6,50,4,8,115,21,11,0.250 ,0.760 
이범호,70756,2015,138,514,437,118,25,0,28,227,79,3,4,0,4,57,1,16,91,16,9,0.245 ,0.840 
김원섭,71207,2015,110,341,277,74,13,3,5,108,33,8,5,6,2,53,0,3,46,5,0,0.308 ,1.033 
박한이,71432,2015,94,429,367,110,17,4,11,168,52,6,6,7,1,53,0,1,63,11,2,0.297 ,0.958 
최준석,71552,2015,144,618,507,155,18,1,31,268,109,0,0,1,1,108,4,1,134,17,0,0.340 ,0.994 
박종윤,71562,2015,98,326,314,80,11,3,4,109,28,0,1,1,1,7,2,3,38,11,4,0.224 ,0.570 
김경언,71610,2015,107,437,377,127,21,1,16,198,78,1,3,5,3,50,3,2,89,9,2,0.323 ,0.847 
김태균,71752,2015,133,524,408,129,28,0,21,220,104,3,1,1,5,98,12,12,80,19,9,0.353 ,1.137 
김강민,71837,2015,96,328,293,72,17,0,4,101,31,7,4,4,1,23,0,7,83,6,1,0.288 ,0.880 
정상호,71842,2015,113,324,279,71,11,1,12,120,49,1,2,8,0,22,0,15,80,2,7,0.302 ,0.960 
조동화,71848,2015,119,304,245,64,6,1,2,78,15,18,3,22,2,30,0,5,50,2,1,0.185 ,0.525 
박재상,71857,2015,108,292,250,62,12,2,7,99,37,4,5,6,1,32,0,3,53,4,2,0.270 ,0.839 
박용택,72133,2015,128,533,487,159,28,2,18,245,83,11,4,1,7,34,1,4,73,12,2,0.357 ,1.025 
김민우,72303,2015,90,315,269,70,16,1,6,106,34,8,3,21,3,21,0,1,75,3,4,0.254 ,0.590 
최형우,72443,2015,144,637,547,174,33,1,33,308,123,2,5,0,8,73,7,9,101,13,2,0.302 ,0.903 
손주인,72456,2015,98,279,244,60,9,0,0,69,14,3,4,12,1,20,0,2,41,6,9,0.203 ,0.530 
문규현,72546,2015,105,298,265,65,12,1,2,85,25,4,2,15,3,14,0,1,39,6,11,0.200 ,0.489 
신종길,72559,2015,99,348,313,82,13,4,5,118,28,19,5,4,0,25,0,6,80,3,4,0.226 ,0.550 
박경수,73113,2015,137,537,440,125,30,1,22,223,73,6,4,6,4,74,1,13,115,8,6,0.288 ,0.938 
이성열,73136,2015,97,254,219,55,10,2,9,96,35,1,1,5,2,19,1,9,83,5,2,0.322 ,0.869 
이대형,73153,2015,140,616,546,165,23,3,0,194,37,44,14,10,1,53,0,6,92,5,2,0.290 ,0.760 
나주환,73209,2015,96,273,246,66,15,0,5,96,22,3,5,12,1,12,0,2,47,9,7,0.179 ,0.579 
손시헌,73213,2015,140,508,440,108,24,2,13,175,58,3,2,13,5,36,0,14,66,16,13,0.261 ,0.734 
지석훈,73306,2015,137,466,415,111,15,0,11,159,46,4,1,9,3,23,0,16,85,9,17,0.240 ,0.648 
이종욱,73339,2015,125,504,440,118,25,2,5,162,52,17,4,4,3,54,6,3,78,5,1,0.256 ,0.721 
이택근,73342,2015,105,401,347,113,16,1,10,161,44,11,6,3,4,44,4,3,53,8,0,0.277 ,0.769 
이용규,74163,2015,124,585,493,168,15,7,4,209,42,28,10,11,4,68,5,9,45,4,3,0.350 ,0.889 
김재호,74206,2015,133,488,410,126,24,3,3,165,50,7,2,14,7,54,0,3,42,18,16,0.306 ,0.864 
윤석민,74215,2015,108,418,361,106,24,1,14,174,71,3,2,5,7,37,1,8,62,16,13,0.337 ,0.994 
유한준,74339,2015,139,598,520,188,42,1,23,301,116,3,3,1,8,67,2,2,71,13,2,0.395 ,1.065 
박석민,74465,2015,135,559,448,144,25,0,26,247,116,3,0,1,8,83,0,19,97,13,14,0.420 ,1.311 
강민호,74540,2015,123,456,380,118,18,1,35,243,86,0,0,0,2,60,2,14,112,14,8,0.322 ,1.147 
최진행,74729,2015,109,410,333,97,17,0,18,168,64,0,3,5,3,65,6,4,101,9,1,0.281 ,0.975 
박정권,74846,2015,124,494,438,123,23,0,21,209,70,3,3,4,2,46,1,4,119,9,8,0.261 ,0.755 
박병호,75125,2015,140,622,528,181,35,1,53,377,146,10,3,0,4,78,6,12,161,10,12,0.375 ,1.233 
정근우,75808,2015,126,552,468,148,30,2,12,218,66,21,6,13,2,61,1,8,66,14,10,0.307 ,0.856 
최정,75847,2015,81,330,275,81,17,0,17,149,58,5,2,1,3,46,2,5,78,6,4,0.326 ,0.962 
이병규,76100,2015,70,277,230,56,9,1,12,103,35,2,1,1,0,43,2,3,83,4,4,0.175 ,0.805 
양의지,76232,2015,132,513,442,144,27,0,20,231,93,5,4,2,6,39,3,24,64,7,6,0.283 ,0.800 
민병헌,76249,2015,129,561,491,149,20,2,12,209,75,7,3,6,6,50,0,8,74,15,4,0.323 ,0.931 
최주환,76267,2015,100,270,238,67,16,2,5,102,32,0,3,3,1,25,2,3,34,6,8,0.299 ,1.004 
김현수,76290,2015,141,630,512,167,26,0,28,277,121,11,5,0,9,101,12,8,63,13,1,0.333 ,1.092 
황재균,76313,2015,144,596,534,155,41,2,26,278,97,11,10,4,6,48,1,4,122,14,16,0.242 ,0.768 
김문호,76509,2015,93,325,288,88,13,0,4,113,31,8,5,6,2,25,0,4,45,11,3,0.280 ,0.692 
김성현,76802,2015,129,449,397,118,20,0,8,162,48,1,4,12,2,31,0,7,42,14,23,0.324 ,0.829 
이재원,76812,2015,140,559,489,138,18,1,17,209,100,1,3,0,5,54,5,11,85,22,3,0.319 ,0.869 
이명기,76849,2015,137,582,521,164,30,2,3,207,35,22,10,11,4,35,0,11,86,7,2,0.288 ,0.745 
오재원,77248,2015,120,474,411,115,20,2,11,172,59,31,8,7,4,47,1,4,94,9,8,0.293 ,0.780 
김종호,77454,2015,133,486,424,125,16,7,4,167,36,41,10,10,3,44,0,4,65,11,2,0.270 ,0.695 
채태인,77463,2015,104,373,333,116,19,0,8,159,49,0,2,0,4,33,3,3,92,10,4,0.376 ,0.986 
손아섭,77532,2015,116,517,445,141,28,1,13,210,54,11,6,0,3,68,3,1,96,6,8,0.354 ,1.040 
김민성,77564,2015,118,489,445,135,24,0,16,207,71,1,1,2,3,31,1,8,62,15,5,0.257 ,0.729 
김태군,78122,2015,144,474,421,107,24,0,6,149,52,1,1,11,7,25,0,10,77,12,3,0.238 ,0.593 
서건창,78168,2015,85,368,312,93,24,4,3,134,37,9,2,11,2,42,0,1,24,7,11,0.387 ,1.025 
장성우,78548,2015,111,435,384,111,18,0,10,159,65,1,2,2,8,41,1,0,73,9,6,0.286 ,0.799 
나지완,78629,2015,116,368,304,77,16,0,7,114,31,3,1,0,2,46,3,16,79,10,1,0.198 ,0.692 
김다원,78765,2015,108,274,245,60,9,0,5,84,30,1,0,0,2,15,0,12,67,8,2,0.333 ,0.807 
오지환,79109,2015,138,566,497,138,41,4,11,220,56,25,10,3,3,59,1,4,121,2,15,0.264 ,0.717 
정수빈,79231,2015,128,570,491,145,27,7,2,192,59,15,9,19,6,43,1,11,70,9,2,0.320 ,0.841 
허경민,79240,2015,117,453,404,128,20,2,1,155,41,8,3,8,3,31,0,7,42,11,13,0.274 ,0.680 
박헌도,79356,2015,108,267,218,54,13,0,8,91,42,0,2,3,2,37,0,7,52,6,0,0.333 ,0.981 
박동원,79365,2015,127,443,379,101,12,1,14,157,61,0,0,10,8,37,0,9,93,4,10,0.250 ,0.690 
김상수,79402,2015,132,518,449,125,30,4,8,187,63,26,5,13,7,43,0,6,56,9,18,0.287 ,0.762 
오정복,79453,2015,66,278,239,62,11,1,5,90,29,3,3,2,1,33,0,3,26,3,2,0.362 ,1.094 
이지영,79456,2015,124,400,361,110,10,1,1,125,55,1,2,16,5,14,0,4,32,10,7,0.355 ,0.781 
김회성,79705,2015,83,268,225,47,10,2,16,109,35,2,4,3,2,28,0,10,58,4,7,0.128 ,0.520 
이호준,94629,2015,131,518,449,132,25,0,24,229,110,0,2,3,2,61,7,3,102,16,0,0.314 ,1.010 
권용관,95158,2015,116,341,296,65,8,1,5,90,22,3,6,17,1,18,2,9,86,4,15,0.187 ,0.518 
이승엽,95436,2015,122,522,470,156,28,1,26,264,90,2,1,0,6,40,2,6,71,10,0,0.321 ,0.931 
조인성,98144,2015,106,310,276,64,11,0,11,108,44,0,0,11,1,16,0,6,89,5,6,0.244 ,0.719 
홍성흔,99222,2015,93,352,301,79,12,0,7,112,46,8,1,4,0,42,1,5,59,13,0,0.307 ,0.809 
정성훈,99606,2015,117,440,363,103,16,1,9,148,45,9,4,6,4,54,5,13,65,9,5,0.294 ,0.873 
이진영,99810,2015,103,350,301,77,5,1,9,111,39,2,4,2,2,42,4,3,55,10,1,0.250 ,0.857 
이해창,60343,2016,88,254,231,47,10,0,6,75,22,1,1,8,3,9,0,3,65,7,8,0.136 ,0.395 
백상원,60456,2016,132,517,445,128,19,3,3,162,49,8,3,10,7,51,0,4,69,15,8,0.311 ,0.764 
정훈,60523,2016,121,439,370,97,18,2,2,125,46,7,7,8,2,43,0,16,75,12,11,0.356 ,0.958 
유강남,61102,2016,100,297,263,70,7,0,8,101,47,0,0,4,6,17,0,7,48,6,5,0.316 ,0.729 
이천웅,61186,2016,103,320,276,81,10,1,6,111,41,6,9,6,1,34,0,3,49,3,2,0.307 ,0.794 
고종욱,61353,2016,133,566,527,176,22,9,8,240,72,28,14,1,5,28,1,5,103,10,1,0.409 ,0.978 
유민상,62265,2016,95,254,213,60,12,1,4,86,37,1,1,3,4,25,0,9,39,8,5,0.311 ,0.894 
박정음,62353,2016,98,263,223,69,5,3,4,92,26,16,9,5,2,30,0,3,52,5,3,0.365 ,0.911 
구자욱,62404,2016,108,495,428,147,19,13,14,234,77,10,5,2,5,55,1,5,68,4,7,0.352 ,1.029 
박해민,62415,2016,141,641,564,169,26,12,4,231,61,52,15,22,3,49,2,3,87,6,2,0.299 ,0.775 
김상호,62559,2016,114,415,366,106,20,0,7,147,56,3,1,2,5,38,2,4,84,10,6,0.273 ,0.722 
하주석,62700,2016,115,441,405,113,21,1,10,166,57,5,7,8,1,18,1,9,115,3,19,0.291 ,0.807 
양성우,62797,2016,108,446,384,104,12,4,4,136,53,5,2,8,6,39,0,9,67,6,3,0.318 ,0.753 
박민우,62907,2016,121,515,435,149,16,6,3,186,55,20,6,10,7,55,1,8,70,9,14,0.434 ,1.062 
김성욱,62934,2016,130,348,306,81,15,1,15,143,51,5,2,7,2,30,0,3,64,15,1,0.318 ,0.835 
나성범,62947,2016,144,653,572,177,37,2,22,284,113,7,4,1,4,67,2,9,136,4,8,0.320 ,0.973 
이홍구,63634,2016,106,273,241,64,16,2,9,111,45,0,1,3,6,19,1,4,66,5,5,0.260 ,0.862 
김준완,63920,2016,122,325,253,66,7,1,1,78,12,2,5,2,1,66,0,2,62,4,1,0.179 ,0.584 
심우준,64006,2016,122,251,236,57,9,1,3,77,17,17,1,5,2,8,0,0,40,5,13,0.145 ,0.438 
김하성,64300,2016,144,599,526,148,29,7,20,251,84,28,15,2,5,60,2,6,80,7,21,0.315 ,0.892 
임병욱,64346,2016,104,265,233,58,11,1,8,95,24,17,6,6,0,25,0,1,82,2,3,0.197 ,0.596 
강한울,64610,2016,104,322,298,81,13,3,0,100,27,7,3,9,0,15,0,0,46,2,11,0.313 ,0.742 
필,64699,2016,132,544,499,156,37,1,20,255,86,10,3,0,7,33,0,5,70,16,13,0.284 ,0.870 
테임즈,64914,2016,123,529,436,140,30,3,40,296,121,13,4,0,7,74,6,12,103,2,4,0.304 ,1.135 
마르테,65005,2016,91,381,325,86,16,0,22,168,74,0,0,0,5,50,0,1,51,12,7,0.330 ,0.971 
히메네스,65103,2016,135,579,523,161,36,0,26,275,102,18,9,1,6,39,2,10,67,8,17,0.304 ,0.875 
아두치,65523,2016,64,272,247,72,18,3,7,117,41,15,2,1,5,18,1,1,59,5,2,0.257 ,0.628 
김호령,65653,2016,124,514,453,121,18,3,8,169,41,19,10,13,2,36,0,10,104,7,3,0.221 ,0.570 
에반스,66244,2016,118,481,400,123,31,0,24,226,81,0,0,0,7,69,0,5,90,10,2,0.266 ,0.880 
대니돈,66306,2016,129,497,417,123,33,1,16,206,70,1,0,1,4,70,4,5,72,8,4,0.297 ,0.962 
로사리오,66740,2016,127,532,492,158,31,2,33,292,120,1,3,1,2,33,3,4,90,16,6,0.348 ,0.935 
고메즈,66805,2016,117,492,456,129,31,0,21,223,62,16,8,2,4,25,2,5,87,11,25,0.297 ,0.904 
김주찬,70410,2016,130,555,511,177,37,3,23,289,101,9,7,1,6,30,1,7,68,13,3,0.421 ,1.168 
박기혁,70553,2016,117,348,308,84,13,0,2,103,34,0,2,10,2,27,0,1,53,8,13,0.247 ,0.690 
이범호,70756,2016,138,560,484,150,23,0,33,272,108,1,1,0,7,60,7,9,57,15,11,0.314 ,0.988 
박한이,71432,2016,110,401,349,105,21,0,14,168,69,1,0,6,4,40,2,2,72,5,0,0.333 ,0.929 
최준석,71552,2016,116,396,325,85,10,0,19,152,70,0,0,0,4,64,2,3,102,14,0,0.263 ,0.879 
김태균,71752,2016,144,652,529,193,39,0,23,301,136,1,0,0,6,108,10,9,97,11,4,0.417 ,1.214 
김강민,71837,2016,115,422,366,109,21,0,10,160,47,12,5,10,2,32,2,12,89,5,2,0.262 ,0.788 
박재상,71857,2016,94,288,255,76,14,1,6,110,35,3,6,4,2,27,0,0,37,9,3,0.339 ,0.876 
박용택,72133,2016,138,578,509,176,24,0,11,233,90,6,6,0,7,58,5,4,71,13,0,0.376 ,0.975 
최형우,72443,2016,138,618,519,195,46,2,31,338,144,2,2,0,7,83,8,9,83,12,3,0.380 ,1.108 
손주인,72456,2016,122,409,354,114,20,3,2,146,39,5,4,12,4,33,0,6,35,6,7,0.241 ,0.607 
조동찬,72466,2016,90,282,247,68,11,1,10,111,36,0,1,3,3,26,0,3,64,7,11,0.222 ,0.622 
문규현,72546,2016,120,368,316,86,10,0,4,108,40,2,3,19,2,29,0,1,39,10,7,0.244 ,0.647 
박경수,73113,2016,121,476,402,126,22,1,20,210,80,3,1,0,4,65,2,5,80,9,13,0.325 ,0.981 
이대형,73153,2016,143,654,600,192,14,3,1,215,42,37,20,7,1,44,0,2,90,6,2,0.315 ,0.757 
손시헌,73213,2016,110,403,341,104,21,2,5,144,39,1,0,10,1,38,0,13,48,13,13,0.311 ,0.817 
지석훈,73306,2016,141,394,351,77,14,0,9,118,54,0,2,6,6,22,0,9,91,9,9,0.232 ,0.710 
이종욱,73339,2016,134,517,453,138,24,4,5,185,57,15,3,4,5,54,0,1,73,11,2,0.315 ,0.848 
이택근,73342,2016,127,460,398,123,19,1,8,168,65,7,4,0,6,53,1,3,56,11,1,0.345 ,0.949 
차일목,73602,2016,117,329,276,63,8,0,3,80,38,0,0,13,6,30,0,4,57,9,6,0.224 ,0.599 
서동욱,73606,2016,124,485,411,120,30,3,16,204,67,9,4,6,3,60,1,5,108,8,6,0.308 ,0.953 
이용규,74163,2016,113,530,452,159,20,4,3,196,41,21,11,7,1,63,1,7,29,7,3,0.374 ,0.951 
김재호,74206,2016,137,496,416,129,27,3,7,183,78,8,4,5,13,57,1,5,52,8,10,0.336 ,0.911 
윤석민,74215,2016,92,402,341,114,15,0,19,186,80,2,3,0,6,46,3,9,50,16,6,0.289 ,0.841 
유한준,74339,2016,110,460,408,137,22,0,14,201,64,4,1,0,3,47,1,2,40,10,1,0.319 ,0.854 
박석민,74465,2016,126,506,427,131,20,0,32,247,104,2,0,2,4,56,2,16,95,18,15,0.354 ,1.169 
강민호,74540,2016,116,460,381,123,26,0,20,209,72,4,0,0,3,66,4,10,91,7,4,0.330 ,1.076 
김주형,74605,2016,135,387,345,97,16,1,19,172,49,1,2,1,1,34,0,6,55,9,11,0.244 ,0.738 
박정권,74846,2016,125,468,422,117,17,3,18,194,59,4,0,2,4,35,0,5,99,7,6,0.243 ,0.716 
정의윤,75151,2016,144,616,576,179,32,1,27,294,100,2,3,0,5,25,3,10,76,15,5,0.301 ,0.886 
오재일,75334,2016,105,455,380,120,20,2,27,225,92,1,0,2,7,64,2,2,73,5,7,0.295 ,0.940 
정근우,75808,2016,138,650,575,178,31,2,18,267,88,22,6,1,5,60,2,9,58,14,16,0.388 ,1.058 
최정,75847,2016,141,606,500,144,24,1,40,290,106,1,2,0,6,77,2,23,126,6,14,0.278 ,1.061 
이병규,76100,2016,103,350,290,79,12,2,7,116,37,8,5,0,3,47,1,10,81,4,3,0.214 ,0.681 
양의지,76232,2016,108,392,332,106,17,0,22,189,66,2,0,1,7,40,1,12,29,20,7,0.245 ,0.700 
민병헌,76249,2016,134,579,511,166,31,4,16,253,87,9,2,1,4,48,1,15,91,18,0,0.357 ,1.040 
황재균,76313,2016,127,559,498,167,26,5,27,284,113,25,10,0,8,49,5,4,66,10,15,0.411 ,1.154 
김문호,76509,2016,140,599,526,171,28,3,7,226,70,12,15,3,2,62,1,6,70,15,5,0.305 ,0.822 
송광민,76753,2016,116,494,449,146,27,2,17,228,83,3,0,7,6,28,0,4,86,16,14,0.328 ,0.889 
김성현,76802,2016,138,530,479,153,28,0,8,205,65,3,3,5,7,33,0,6,37,13,16,0.322 ,0.840 
이재원,76812,2016,130,472,411,119,15,0,15,179,64,1,5,2,7,43,3,9,76,15,8,0.250 ,0.825 
이명기,76849,2016,99,326,287,78,7,4,1,96,22,14,8,10,2,23,0,4,37,3,4,0.244 ,0.595 
오재원,77248,2016,122,484,416,113,18,1,5,148,58,13,10,3,6,54,1,5,82,10,16,0.330 ,0.833 
채태인,77463,2016,124,417,370,106,14,3,7,147,72,0,1,0,9,36,1,2,92,13,3,0.350 ,0.908 
손아섭,77532,2016,144,672,575,186,33,1,16,269,81,42,4,0,2,92,1,3,104,4,3,0.331 ,0.977 
김민성,77564,2016,141,579,510,156,39,5,17,256,90,6,3,1,12,53,3,3,89,15,7,0.298 ,0.861 
김태군,78122,2016,134,395,340,79,15,0,1,97,30,0,0,20,4,22,0,9,44,14,0,0.206 ,0.469 
서건창,78168,2016,140,646,560,182,30,7,7,247,63,26,13,3,4,69,2,10,58,6,15,0.305 ,0.823 
김용의,78217,2016,105,347,308,98,18,4,1,127,20,19,7,4,0,35,0,0,64,6,0,0.290 ,0.719 
김재환,78224,2016,134,568,492,160,32,3,37,309,124,8,2,0,5,71,3,0,107,9,5,0.313 ,1.062 
나지완,78629,2016,118,486,380,117,21,2,25,217,90,6,3,0,4,85,1,17,90,8,1,0.304 ,1.039 
오지환,79109,2016,121,472,393,110,14,5,20,194,78,17,9,2,5,65,0,7,97,7,17,0.266 ,0.871 
정주현,79150,2016,99,257,225,50,12,1,1,67,22,5,5,2,2,28,0,0,66,1,7,0.160 ,0.521 
채은성,79192,2016,128,451,403,126,20,3,9,179,81,7,3,2,8,31,0,7,75,9,4,0.346 ,0.910 
박건우,79215,2016,132,540,484,162,36,4,20,266,83,17,6,4,5,38,0,9,86,9,3,0.331 ,0.919 
정수빈,79231,2016,114,305,269,65,7,2,2,82,20,12,4,4,1,25,0,6,48,7,2,0.243 ,0.723 
허경민,79240,2016,144,609,538,154,24,4,7,207,81,6,6,6,2,49,1,14,58,14,8,0.321 ,0.875 
박동원,79365,2016,127,454,411,102,25,1,14,171,70,3,1,6,3,27,0,7,93,18,7,0.250 ,0.746 
김상수,79402,2016,105,401,358,97,13,0,3,119,38,6,4,8,4,23,0,8,39,9,15,0.236 ,0.610 
오정복,79453,2016,96,344,306,93,11,2,5,123,36,1,0,6,4,28,1,0,32,5,3,0.313 ,0.821 
이지영,79456,2016,129,419,390,116,12,0,7,149,50,3,2,8,2,12,0,7,32,13,10,0.341 ,0.756 
배영섭,79465,2016,93,381,323,86,17,0,4,115,22,5,8,1,1,51,0,5,42,10,0,0.189 ,0.600 
이호준,94629,2016,119,472,399,119,20,0,21,202,87,3,2,2,4,65,6,2,78,11,0,0.342 ,1.068 
이승엽,95436,2016,142,623,542,164,32,2,27,281,118,5,2,0,8,65,1,8,89,7,0,0.330 ,1.038 
정성훈,99606,2016,126,418,370,119,22,1,6,161,64,8,4,5,5,33,1,5,59,9,4,0.321 ,0.904 
이진영,99810,2016,115,424,371,123,23,1,10,178,72,2,5,0,5,45,1,3,44,13,0,0.333 ,0.943 
이해창,60343,2017,114,283,254,69,11,0,11,113,44,1,4,6,2,19,1,1,50,5,6,0.310 ,0.895 
오태곤,60558,2017,122,384,355,104,29,1,8,159,38,11,8,8,6,12,0,3,85,6,9,0.229 ,0.579 
유강남,61102,2017,118,364,324,90,13,0,17,154,66,2,0,9,2,14,0,15,72,4,4,0.383 ,1.104 
이천웅,61186,2017,75,266,232,66,14,0,2,86,27,8,3,4,0,24,2,6,45,10,4,0.380 ,1.060 
고종욱,61353,2017,123,453,426,133,24,8,8,197,54,16,4,0,2,22,2,3,92,11,5,0.288 ,0.747 
김헌곤,61404,2017,123,404,356,94,13,2,9,138,47,11,2,8,3,29,0,8,45,11,2,0.326 ,0.938 
류지혁,62234,2017,125,330,297,77,13,4,3,107,26,7,5,8,0,21,0,4,55,2,15,0.225 ,0.638 
구자욱,62404,2017,144,647,564,175,39,10,21,297,107,10,4,0,10,63,1,10,138,1,5,0.352 ,1.032 
박해민,62415,2017,144,638,570,162,25,8,7,224,54,40,12,8,9,50,0,1,78,6,1,0.293 ,0.865 
신본기,62556,2017,128,381,325,77,11,0,5,103,47,5,2,13,5,25,1,13,76,8,10,0.283 ,0.759 
하주석,62700,2017,111,470,432,123,18,8,11,190,52,7,6,9,1,23,0,5,83,6,9,0.313 ,0.848 
양성우,62797,2017,118,417,358,99,26,1,2,133,40,4,4,7,2,38,0,12,51,8,4,0.284 ,0.767 
김민식,62864,2017,135,391,351,78,9,2,4,103,40,3,3,7,2,26,0,5,55,7,8,0.340 ,0.804 
한동민,62895,2017,103,414,350,103,21,2,29,215,73,2,2,0,3,46,2,15,79,8,5,0.226 ,0.935 
박민우,62907,2017,106,452,388,141,25,4,3,183,47,11,1,3,4,46,0,11,51,8,7,0.356 ,0.921 
김성욱,62934,2017,124,347,308,76,18,4,6,120,31,10,4,1,5,24,1,9,59,4,0,0.267 ,0.723 
나성범,62947,2017,125,561,498,173,42,2,24,291,99,17,7,0,3,48,10,12,116,8,8,0.345 ,0.981 
강승호,63123,2017,85,268,248,62,14,2,5,95,31,2,2,3,7,7,0,3,67,5,12,0.242 ,0.706 
정현,63450,2017,124,399,350,105,20,3,6,149,42,4,2,6,3,18,0,22,69,14,10,0.280 ,0.735 
노수광,63704,2017,126,406,367,106,18,3,6,148,39,15,9,4,5,22,1,8,81,3,5,0.239 ,0.643 
권희동,63963,2017,141,554,472,135,20,2,19,216,86,3,3,7,7,51,1,17,90,12,3,0.333 ,0.963 
심우준,64006,2017,103,303,286,82,15,2,4,113,26,18,5,4,1,8,0,4,58,4,19,0.333 ,0.825 
양석환,64153,2017,132,496,445,117,27,3,14,192,83,3,7,2,5,38,2,6,93,13,8,0.336 ,1.025 
김하성,64300,2017,141,601,526,159,36,3,23,270,114,16,8,2,7,58,2,8,65,8,18,0.357 ,1.121 
강한울,64610,2017,135,448,412,125,9,3,0,140,24,12,7,9,1,26,0,0,57,4,16,0.240 ,0.579 
허정협,65399,2017,83,266,228,54,9,0,9,90,39,1,2,1,1,24,1,12,73,2,1,0.225 ,0.776 
에반스,66244,2017,138,581,514,152,19,0,27,252,90,2,0,0,3,61,0,3,114,15,0,0.291 ,0.819 
로사리오,66740,2017,119,510,445,151,30,1,37,294,111,10,5,0,5,50,4,10,61,12,10,0.373 ,1.209 
김동엽,66838,2017,125,428,393,109,18,1,22,195,70,2,4,0,3,23,1,9,62,6,5,0.266 ,0.807 
로하스,67025,2017,83,367,336,101,27,3,18,188,56,5,8,0,3,23,0,5,81,6,3,0.294 ,0.926 
이정후,67341,2017,144,622,552,179,29,8,2,230,47,12,4,2,2,60,2,6,67,9,3,0.321 ,0.960 
러프,67450,2017,134,591,515,162,38,0,31,293,124,2,2,0,4,60,4,12,107,14,7,0.379 ,1.225 
번즈,67598,2017,116,468,423,128,38,0,15,211,57,10,7,2,3,29,0,11,100,18,8,0.324 ,0.955 
버나디나,67650,2017,139,621,557,178,26,8,27,301,111,32,7,3,9,41,2,11,112,9,0,0.331 ,0.964 
로맥,67872,2017,102,416,359,87,19,0,31,199,64,1,1,0,1,50,2,6,116,6,7,0.215 ,0.833 
스크럭스,67935,2017,115,518,437,131,24,0,35,260,111,4,0,0,4,65,2,12,134,9,9,0.305 ,1.076 
김주찬,70410,2017,122,478,440,136,39,2,12,215,70,9,2,2,1,31,0,4,59,17,5,0.322 ,0.826 
박기혁,70553,2017,97,263,235,56,11,1,2,75,18,2,1,7,3,16,0,2,51,9,9,0.194 ,0.510 
이범호,70756,2017,115,447,382,104,14,0,25,193,89,0,0,0,6,52,3,7,81,9,13,0.317 ,1.101 
장민석,71347,2017,88,327,299,83,9,0,1,95,21,8,4,12,1,15,0,0,58,4,3,0.289 ,0.664 
최준석,71552,2017,125,464,409,119,15,0,14,176,82,0,0,0,5,49,0,1,89,24,1,0.328 ,0.850 
이대호,71564,2017,142,608,540,173,13,0,34,288,111,1,1,0,3,50,8,15,84,22,8,0.341 ,0.909 
김태균,71752,2017,94,407,356,121,22,0,17,194,76,0,0,0,4,43,7,4,56,13,1,0.398 ,1.113 
박용택,72133,2017,138,596,509,175,23,2,14,244,90,4,2,0,9,72,6,6,88,13,0,0.364 ,1.000 
최형우,72443,2017,142,629,514,176,36,3,26,296,120,0,1,0,8,96,8,11,82,15,4,0.368 ,1.150 
손주인,72456,2017,115,334,294,82,13,0,5,110,33,4,0,9,6,20,0,5,41,10,7,0.274 ,0.695 
조동찬,72466,2017,122,393,353,102,23,0,10,155,46,3,0,4,4,22,0,10,72,8,8,0.227 ,0.606 
문규현,72546,2017,110,337,304,82,15,2,6,119,42,2,1,18,3,10,1,2,42,10,7,0.242 ,0.547 
박경수,73113,2017,131,511,442,116,27,1,15,190,66,1,2,3,3,57,4,6,118,14,6,0.291 ,0.894 
이성열,73136,2017,81,318,280,86,16,1,21,167,65,3,0,4,5,19,0,9,80,0,4,0.259 ,0.778 
이대형,73153,2017,100,366,337,90,8,3,0,104,24,23,4,4,1,24,1,0,54,8,2,0.372 ,0.869 
나주환,73209,2017,122,452,419,122,24,1,19,205,65,0,3,8,1,19,3,5,85,15,7,0.366 ,1.021 
손시헌,73213,2017,124,391,349,122,17,1,5,156,45,1,0,13,5,16,1,8,44,5,10,0.304 ,0.753 
지석훈,73306,2017,121,304,268,64,16,0,6,98,24,1,0,2,2,22,0,10,67,8,11,0.197 ,0.604 
이종욱,73339,2017,107,355,318,98,15,0,5,128,34,9,2,2,2,28,0,5,30,5,0,0.250 ,0.692 
이택근,73342,2017,100,269,241,67,15,1,3,93,29,0,0,1,1,25,1,1,58,9,0,0.264 ,0.710 
서동욱,73606,2017,125,366,319,90,21,1,7,134,48,1,1,8,3,33,0,3,86,5,2,0.316 ,0.938 
김재호,74206,2017,91,331,283,83,18,1,7,124,50,7,1,2,7,36,1,3,52,6,9,0.292 ,0.878 
윤석민,74215,2017,142,586,538,168,30,1,20,260,105,0,1,0,7,33,0,8,85,24,3,0.331 ,0.846 
유한준,74339,2017,133,497,445,136,19,0,13,194,68,0,2,2,3,45,2,2,59,10,1,0.362 ,0.911 
박석민,74465,2017,101,382,319,78,15,0,14,135,56,1,2,0,0,50,0,13,92,17,9,0.253 ,0.871 
강민호,74540,2017,130,515,456,130,22,1,22,220,68,0,2,0,3,41,6,15,104,15,11,0.270 ,0.890 
최진행,74729,2017,89,289,258,79,21,0,13,139,50,0,2,1,1,19,0,10,77,3,1,0.351 ,1.074 
박정권,74846,2017,118,345,305,78,14,1,16,142,51,1,1,0,5,30,0,5,78,5,7,0.268 ,0.809 
정의윤,75151,2017,112,381,349,112,16,0,15,173,45,0,1,0,4,19,0,9,61,11,0,0.299 ,0.744 
오재일,75334,2017,128,466,412,126,27,0,26,231,89,1,1,1,3,45,0,5,80,5,5,0.315 ,0.961 
이원석,75566,2017,121,459,411,109,20,1,18,185,62,2,0,4,6,34,2,4,80,4,12,0.262 ,0.690 
정근우,75808,2017,105,442,391,129,22,0,11,184,46,6,6,5,3,32,3,10,48,12,11,0.341 ,0.890 
최정,75847,2017,130,527,430,136,18,1,46,294,113,1,5,0,8,70,10,19,107,8,6,0.388 ,1.436 
양의지,76232,2017,111,406,347,96,15,0,14,153,67,1,1,1,3,43,1,12,53,17,5,0.302 ,0.835 
민병헌,76249,2017,123,520,447,136,21,0,14,199,71,3,4,1,6,47,2,19,74,14,4,0.306 ,0.817 
최주환,76267,2017,129,452,399,120,16,6,7,169,57,3,2,1,5,38,1,9,58,10,7,0.308 ,0.889 
김문호,76509,2017,131,448,390,114,17,1,2,139,35,9,4,7,1,37,4,13,73,5,4,0.258 ,0.729 
송광민,76753,2017,117,473,437,143,26,0,13,208,75,2,3,4,8,21,1,3,88,11,9,0.291 ,0.797 
김성현,76802,2017,130,429,380,103,14,0,4,129,29,2,1,7,3,34,1,4,28,8,6,0.217 ,0.592 
이재원,76812,2017,114,350,314,76,15,0,9,118,42,0,1,8,4,16,0,8,55,9,3,0.229 ,0.641 
이명기,76849,2017,115,512,464,154,24,4,9,213,63,8,7,14,3,28,0,3,57,2,5,0.383 ,1.037 
오재원,77248,2017,127,390,334,79,16,1,7,118,40,7,7,4,3,47,1,2,85,5,6,0.215 ,0.685 
채태인,77463,2017,109,384,342,110,23,1,12,171,62,0,1,0,3,34,2,5,94,9,6,0.317 ,0.890 
손아섭,77532,2017,144,667,576,193,35,4,20,296,80,25,8,1,3,83,8,4,96,7,2,0.290 ,0.911 
김민성,77564,2017,133,530,472,133,26,1,15,206,78,0,1,0,8,43,2,7,93,15,6,0.288 ,0.886 
김태군,78122,2017,132,420,362,96,19,0,3,124,34,0,1,18,2,16,0,22,43,11,9,0.257 ,0.665 
이형종,78135,2017,128,434,377,100,18,0,9,145,44,11,6,4,2,40,0,11,73,7,2,0.253 ,0.859 
서건창,78168,2017,139,615,539,179,28,3,6,231,76,15,6,2,6,67,1,1,68,11,12,0.365 ,0.868 
김재환,78224,2017,144,636,544,185,34,2,35,328,115,4,1,0,4,81,10,7,123,8,8,0.342 ,1.058 
최재훈,78288,2017,98,301,262,66,10,0,1,79,15,0,2,6,0,25,0,8,36,10,1,0.210 ,0.643 
전준우,78513,2017,110,496,455,146,27,1,18,229,69,2,4,2,2,30,2,7,70,11,0,0.325 ,0.851 
장성우,78548,2017,118,348,294,68,11,1,8,105,46,0,4,4,5,43,1,2,59,13,7,0.237 ,0.706 
김선빈,78603,2017,137,529,476,176,34,1,5,227,64,4,4,5,4,39,4,5,40,10,14,0.382 ,0.970 
나지완,78629,2017,137,551,459,138,20,3,27,245,94,1,1,0,7,62,0,23,105,10,1,0.294 ,0.948 
모창민,78813,2017,136,527,474,148,25,3,17,230,90,9,6,3,9,39,2,2,81,6,6,0.338 ,0.941 
오지환,79109,2017,107,390,334,91,13,4,8,136,39,10,5,1,5,45,2,5,105,8,11,0.256 ,0.774 
채은성,79192,2017,114,372,333,89,12,3,2,113,35,5,6,10,1,17,1,11,66,8,3,0.302 ,0.757 
박건우,79215,2017,131,543,483,177,40,2,20,281,78,20,3,5,4,41,2,10,64,15,4,0.353 ,1.010 
허경민,79240,2017,130,422,369,95,22,1,3,128,40,8,4,12,2,29,0,10,48,15,5,0.239 ,0.687 
박동원,79365,2017,103,284,256,69,9,0,11,111,39,2,1,6,2,17,0,3,56,9,8,0.292 ,0.787 
이지영,79456,2017,105,336,302,72,10,2,0,86,26,4,3,6,3,20,1,5,40,16,6,0.207 ,0.550 
안치홍,79608,2017,132,545,487,154,29,2,21,250,93,7,0,6,5,43,1,4,70,19,13,0.319 ,0.932 
이승엽,95436,2017,135,533,472,132,30,5,24,244,87,1,1,0,8,47,6,6,85,7,2,0.244 ,0.728 
정성훈,99606,2017,115,321,276,86,14,0,6,118,30,4,3,1,2,36,2,6,49,4,5,0.222 ,0.656 
이진영,99810,2017,103,285,263,76,26,1,2,110,31,0,0,4,0,17,1,1,34,3,0,0.273 ,0.727 
오태곤,60558,2018,128,374,342,87,17,2,12,144,39,13,8,3,1,24,0,4,92,7,2,0.247 ,0.724 
유강남,61102,2018,132,465,425,126,33,0,19,216,66,0,0,2,1,28,1,9,80,21,7,0.282 ,0.825 
이천웅,61186,2018,112,405,359,122,22,3,2,156,39,10,10,2,2,39,2,3,48,11,1,0.319 ,0.769 
정진호,61208,2018,111,299,269,81,12,1,2,101,37,8,1,9,1,19,0,1,44,8,0,0.308 ,0.712 
고종욱,61353,2018,102,351,330,92,22,0,6,132,54,17,4,1,4,15,1,1,96,2,3,0.312 ,0.733 
김헌곤,61404,2018,141,586,513,154,26,2,11,217,71,22,9,5,4,54,1,10,70,13,0,0.319 ,0.896 
강경학,61700,2018,77,289,245,68,11,1,5,96,27,6,3,1,1,38,0,4,59,7,2,0.254 ,0.729 
류지혁,62234,2018,128,280,228,61,7,0,1,71,29,7,2,11,2,29,0,10,43,3,4,0.297 ,0.744 
김규민,62356,2018,104,336,298,88,9,2,3,110,40,8,4,1,4,27,0,6,89,3,7,0.397 ,0.926 
구자욱,62404,2018,116,529,478,159,26,5,20,255,84,10,0,1,2,43,2,5,110,4,4,0.378 ,1.039 
박해민,62415,2018,144,649,576,172,30,10,9,249,68,36,10,8,6,56,0,3,99,9,2,0.339 ,0.882 
신본기,62556,2018,139,479,425,125,28,1,11,188,71,1,5,5,5,33,2,11,95,12,20,0.300 ,0.764 
하주석,62700,2018,141,517,484,123,20,3,9,176,52,14,12,1,0,28,0,4,130,7,18,0.267 ,0.727 
김민식,62864,2018,125,365,310,76,9,3,6,109,37,5,2,11,2,39,0,3,63,8,4,0.235 ,0.680 
최항,62884,2018,98,257,222,65,12,1,7,100,35,2,2,2,0,25,0,8,57,1,10,0.317 ,0.836 
한동민,62895,2018,136,562,486,138,31,0,41,292,115,4,2,0,8,52,3,16,124,10,1,0.286 ,1.098 
박민우,62907,2018,115,460,411,133,22,5,5,180,33,17,5,3,4,32,3,10,51,4,8,0.362 ,0.987 
노진혁,62931,2018,125,458,420,119,21,4,11,181,42,4,3,1,2,33,0,2,92,8,15,0.272 ,0.843 
김성욱,62934,2018,111,358,323,84,13,2,13,140,45,11,2,2,3,29,0,1,64,10,0,0.232 ,0.670 
나성범,62947,2018,144,620,556,177,36,3,23,288,91,15,2,0,5,44,4,15,131,11,3,0.319 ,0.899 
노수광,63704,2018,135,588,515,161,21,8,8,222,53,25,4,9,3,48,0,13,86,3,2,0.316 ,0.785 
권희동,63963,2018,104,391,343,97,19,1,8,142,57,1,3,5,4,35,2,4,58,5,0,0.250 ,0.715 
심우준,64006,2018,135,403,367,95,23,3,4,136,29,11,11,11,1,20,1,4,58,4,13,0.286 ,0.751 
양석환,64153,2018,140,519,483,127,27,0,22,220,82,2,2,1,5,24,0,6,81,9,14,0.310 ,0.936 
김하성,64300,2018,129,576,511,147,27,4,20,242,84,8,2,1,5,54,2,5,81,16,13,0.239 ,0.766 
임병욱,64346,2018,134,447,423,124,29,3,13,198,60,16,3,0,2,22,1,0,119,6,5,0.303 ,0.879 
최원준,66606,2018,101,331,302,82,14,1,4,110,32,10,4,4,1,20,0,4,58,4,14,0.235 ,0.648 
김동엽,66838,2018,124,446,421,106,15,0,27,202,76,11,2,1,3,17,0,4,108,13,3,0.330 ,0.934 
로하스,67025,2018,144,645,564,172,30,1,43,333,114,18,13,1,2,71,4,7,142,10,3,0.322 ,1.098 
김혜성,67304,2018,136,473,430,116,15,6,5,158,45,31,6,3,2,33,1,5,119,6,16,0.333 ,0.826 
이정후,67341,2018,109,520,459,163,34,2,6,219,57,11,4,3,8,42,3,8,58,5,5,0.370 ,0.941 
초이스,67394,2018,96,397,349,90,19,0,17,160,61,2,1,0,5,33,2,10,79,4,2,0.242 ,0.763 
러프,67450,2018,137,597,506,167,32,4,33,306,125,5,3,0,8,65,0,18,107,17,6,0.366 ,1.114 
번즈,67598,2018,133,505,462,124,34,5,23,237,64,5,2,1,0,33,2,9,133,8,22,0.230 ,0.712 
버나디나,67650,2018,131,590,513,159,25,3,20,250,70,32,13,3,1,63,3,10,103,9,4,0.290 ,0.895 
로맥,67872,2018,141,616,528,167,19,0,43,315,107,10,5,0,6,72,0,10,123,7,11,0.297 ,1.079 
스크럭스,67935,2018,142,571,501,129,35,0,26,242,97,3,2,0,3,55,2,12,144,14,12,0.303 ,1.009 
강백호,68050,2018,138,585,527,153,32,2,29,276,84,3,5,0,3,52,0,3,124,4,6,0.308 ,0.973 
호잉,68730,2018,142,590,529,162,47,2,30,303,110,23,9,0,5,51,10,5,93,5,4,0.335 ,1.033 
김주찬,70410,2018,121,471,429,146,23,0,18,223,93,8,1,2,10,23,5,7,57,15,3,0.361 ,0.956 
이범호,70756,2018,101,380,332,93,7,0,20,160,69,1,0,0,2,42,4,4,59,12,4,0.280 ,0.888 
박한이,71432,2018,114,392,342,97,16,0,10,143,43,5,3,6,1,43,2,0,91,9,0,0.289 ,0.738 
이대호,71564,2018,144,604,543,181,30,0,37,322,125,0,1,0,4,43,7,14,75,18,3,0.307 ,1.016 
김태균,71752,2018,73,271,254,80,11,0,10,121,34,0,1,0,0,13,1,4,56,7,2,0.343 ,0.856 
김강민,71837,2018,80,267,235,70,14,0,14,126,46,10,6,5,0,22,0,5,57,1,2,0.274 ,0.951 
박용택,72133,2018,134,583,524,159,38,1,15,244,76,3,3,0,7,47,0,5,107,21,0,0.285 ,0.844 
최형우,72443,2018,143,609,528,179,34,1,25,290,103,3,0,0,8,66,7,7,87,17,4,0.342 ,1.000 
손주인,72456,2018,98,297,265,63,10,0,4,85,28,3,0,10,4,11,0,7,40,11,5,0.233 ,0.551 
문규현,72546,2018,122,349,316,87,19,1,6,126,41,3,1,9,6,18,0,0,45,9,13,0.274 ,0.721 
박경수,73113,2018,135,528,458,120,21,0,25,216,74,4,1,0,3,58,2,9,129,16,14,0.288 ,0.780 
이성열,73136,2018,131,528,485,143,21,1,34,268,102,9,7,1,2,35,3,5,143,9,4,0.283 ,0.955 
나주환,73209,2018,119,420,362,95,24,0,12,155,56,5,6,13,2,38,0,5,66,2,13,0.322 ,0.944 
이택근,73342,2018,104,356,308,95,25,1,4,134,52,1,0,3,4,32,0,9,44,14,2,0.368 ,0.935 
이용규,74163,2018,134,575,491,144,14,1,1,163,36,30,11,8,5,59,0,12,62,8,6,0.327 ,0.818 
김재호,74206,2018,131,467,402,125,20,0,16,193,75,6,2,3,6,52,1,4,77,12,12,0.350 ,0.976 
윤석민,74215,2018,132,509,460,127,22,0,19,206,60,4,1,2,3,40,2,4,69,17,7,0.220 ,0.639 
유한준,74339,2018,121,480,428,145,21,1,20,228,83,1,1,2,1,47,3,2,53,9,0,0.385 ,1.170 
박석민,74465,2018,103,375,318,81,14,1,16,145,55,1,0,0,3,39,4,15,80,11,4,0.232 ,0.821 
강민호,74540,2018,129,477,427,115,14,0,22,195,71,0,0,0,7,29,5,14,96,11,8,0.225 ,0.766 
박병호,75125,2018,113,488,400,138,20,0,43,287,112,0,1,0,3,68,10,17,114,9,11,0.312 ,0.964 
오재일,75334,2018,123,477,401,112,19,2,27,216,80,1,1,0,10,60,2,6,121,3,4,0.215 ,0.820 
이원석,75566,2018,128,543,479,144,30,1,20,236,93,2,1,0,5,52,1,7,103,10,9,0.302 ,0.959 
정근우,75808,2018,102,425,375,114,24,1,11,173,57,6,5,1,3,39,1,7,43,12,11,0.326 ,0.916 
최정,75847,2018,115,489,406,99,16,1,35,222,74,9,2,0,2,58,2,23,129,10,11,0.235 ,0.923 
이병규,76100,2018,103,257,198,54,11,1,10,97,39,0,0,0,2,50,1,7,58,5,1,0.290 ,0.947 
양의지,76232,2018,133,503,439,157,29,1,23,257,77,6,0,0,6,45,6,13,40,13,3,0.317 ,0.949 
민병헌,76249,2018,118,494,443,141,21,0,17,213,66,8,3,2,6,35,3,8,68,10,1,0.283 ,0.753 
최주환,76267,2018,138,590,519,173,39,6,26,302,108,1,0,0,10,51,1,10,89,5,3,0.368 ,1.228 
김현수,76290,2018,117,511,453,164,39,2,20,267,101,1,3,0,10,47,6,1,61,9,5,0.419 ,1.241 
황재균,76313,2018,142,588,530,157,41,3,25,279,88,14,7,2,3,49,1,4,120,5,17,0.252 ,0.773 
송광민,76753,2018,113,460,434,129,24,0,18,207,79,4,4,0,4,18,0,4,93,13,12,0.243 ,0.716 
김성현,76802,2018,135,462,415,115,19,1,4,148,55,6,2,6,3,29,0,9,42,19,17,0.333 ,0.814 
이재원,76812,2018,130,471,407,134,24,0,17,209,57,0,0,4,5,43,0,12,65,13,11,0.308 ,0.861 
이명기,76849,2018,120,502,447,135,28,6,4,187,42,12,5,11,1,40,3,3,64,5,2,0.246 ,0.655 
오재원,77248,2018,132,521,473,148,24,1,15,219,81,15,6,3,2,41,0,2,119,13,17,0.338 ,0.892 
채태인,77463,2018,130,420,376,110,18,0,15,173,75,0,0,1,4,34,3,5,107,10,4,0.328 ,0.980 
손아섭,77532,2018,141,625,553,182,32,5,26,302,93,20,3,1,1,68,1,2,99,15,4,0.360 ,1.064 
김민성,77564,2018,128,465,413,117,24,0,10,171,45,1,0,1,5,40,3,6,80,6,7,0.231 ,0.689 
이형종,78135,2018,118,485,437,138,27,0,13,204,42,6,4,5,0,31,0,12,82,6,1,0.292 ,0.721 
김재환,78224,2018,139,602,527,176,36,1,44,346,133,2,0,0,7,59,4,9,134,6,4,0.295 ,0.963 
최재훈,78288,2018,128,341,298,78,17,0,1,98,27,8,0,6,2,20,0,15,61,8,5,0.253 ,0.662 
전준우,78513,2018,144,614,556,190,36,2,33,329,90,7,7,1,2,48,1,7,82,12,3,0.379 ,1.101 
장성우,78548,2018,127,393,356,92,13,0,13,144,48,1,1,1,2,32,0,2,82,8,9,0.239 ,0.588 
김선빈,78603,2018,127,492,424,125,17,2,4,158,49,4,1,6,5,48,1,9,42,10,12,0.304 ,0.780 
나지완,78629,2018,114,379,317,86,18,0,26,182,78,0,0,0,5,38,2,19,81,14,0,0.250 ,0.905 
모창민,78813,2018,81,314,287,80,10,1,17,143,62,2,3,0,4,21,0,2,51,10,9,0.338 ,0.954 
오지환,79109,2018,144,617,533,148,26,2,11,211,71,10,5,12,6,59,3,7,146,6,24,0.357 ,1.041 
정주현,79150,2018,115,339,303,79,14,2,6,115,31,18,3,6,1,27,0,2,68,9,15,0.277 ,0.727 
채은성,79192,2018,139,578,529,175,36,2,25,290,119,3,1,0,5,35,1,9,97,12,3,0.362 ,1.001 
박건우,79215,2018,125,529,488,159,24,6,12,231,84,7,3,1,2,28,1,10,65,14,1,0.373 ,1.031 
허경민,79240,2018,133,577,516,167,30,5,10,237,79,20,4,5,8,32,0,16,52,15,7,0.350 ,0.973 
김상수,79402,2018,122,499,453,119,13,1,10,164,50,12,9,8,3,27,0,8,91,11,16,0.200 ,0.527 
안치홍,79608,2018,130,549,494,169,38,1,23,278,118,5,1,0,9,36,1,10,57,13,8,0.403 ,1.190 
이진영,99810,2018,110,312,283,90,17,1,3,118,39,2,1,1,3,25,1,0,35,3,0,0.305 ,0.763 
오태곤,60558,2019,123,392,352,88,16,1,6,124,35,19,2,3,2,31,0,4,78,8,9,0.220 ,0.568 
이상호,60566,2019,102,256,234,65,7,0,0,72,12,10,5,8,3,9,0,2,22,10,5,0.179 ,0.405 
유강남,61102,2019,132,468,418,113,22,0,16,183,49,0,0,1,6,30,2,13,82,21,7,0.210 ,0.641 
이천웅,61186,2019,138,613,546,168,24,3,2,204,48,21,10,4,1,57,1,5,82,13,1,0.333 ,0.818 
최영진,61197,2019,96,275,251,63,15,1,5,95,20,4,1,8,0,14,2,2,47,4,8,0.228 ,0.558 
고종욱,61353,2019,137,513,492,159,25,7,3,207,56,31,10,0,2,18,1,1,89,5,3,0.341 ,0.763 
김헌곤,61404,2019,114,467,411,122,20,1,5,159,46,10,8,5,6,37,1,8,41,18,0,0.313 ,0.881 
이원재,62025,2019,94,285,256,66,11,0,8,101,36,1,2,5,3,20,0,1,47,5,4,0.279 ,0.781 
류지혁,62234,2019,118,316,276,69,6,2,0,79,34,18,5,6,3,24,0,7,40,6,11,0.263 ,0.666 
박세혁,62244,2019,137,505,441,123,19,9,4,172,63,8,2,10,6,41,1,7,68,5,8,0.291 ,0.758 
김규민,62356,2019,94,250,222,55,8,1,3,74,24,2,4,0,2,22,0,4,68,4,1,0.212 ,0.751 
구자욱,62404,2019,122,526,475,127,27,6,15,211,71,11,3,0,6,38,2,7,88,5,2,0.302 ,0.894 
박해민,62415,2019,144,581,506,121,16,7,5,166,44,24,7,12,3,58,0,2,82,4,2,0.239 ,0.629 
신본기,62556,2019,121,413,375,96,9,0,1,108,26,3,3,5,1,24,1,8,62,9,15,0.223 ,0.562 
한동민,62895,2019,125,502,427,113,20,0,12,169,52,0,1,0,0,55,4,20,100,6,4,0.264 ,0.823 
박민우,62907,2019,125,526,468,161,23,8,1,203,45,18,7,2,6,41,1,9,40,10,9,0.333 ,0.831 
노진혁,62931,2019,110,390,348,92,23,2,13,158,43,0,1,6,3,31,2,2,80,7,5,0.241 ,0.700 
김성욱,62934,2019,116,333,287,66,16,1,9,111,36,6,4,9,5,29,1,3,69,4,2,0.297 ,0.950 
노수광,63704,2019,117,445,388,97,16,1,2,121,28,27,10,9,0,46,0,2,68,1,3,0.333 ,0.847 
한승택,63722,2019,105,288,251,56,9,1,3,76,27,1,0,7,2,27,1,1,82,8,5,0.294 ,0.737 
권희동,63963,2019,116,413,348,89,17,0,6,124,41,3,0,5,3,50,1,7,60,10,4,0.227 ,0.663 
김민혁,64004,2019,127,521,466,131,10,1,0,143,32,22,10,5,5,32,0,13,61,8,4,0.257 ,0.609 
심우준,64006,2019,138,433,391,109,13,1,3,133,28,24,3,12,1,23,0,6,68,7,11,0.253 ,0.639 
김하성,64300,2019,139,625,540,166,38,2,19,265,104,33,4,1,7,70,4,7,80,12,20,0.364 ,1.069 
임병욱,64346,2019,117,419,379,92,17,5,0,119,41,10,2,6,0,23,0,11,110,6,4,0.267 ,0.728 
이창진,64560,2019,133,470,400,108,25,1,6,153,48,8,8,4,5,57,0,4,92,8,5,0.267 ,0.757 
박찬호,64646,2019,133,541,504,131,15,4,2,160,49,39,6,5,2,26,0,4,83,8,16,0.308 ,0.682 
김태진,64984,2019,123,399,374,103,14,5,5,142,46,12,4,5,3,16,0,1,67,3,3,0.296 ,0.827 
송성문,65357,2019,103,335,308,70,12,5,3,101,34,2,1,4,4,19,0,0,53,7,7,0.229 ,0.630 
강로한,65515,2019,104,306,288,69,15,6,4,108,25,7,1,1,1,13,0,3,107,3,20,0.276 ,0.742 
최원준,66606,2019,90,255,232,46,11,3,1,66,18,8,4,2,1,16,0,4,51,4,6,0.232 ,0.640 
장진혁,66706,2019,113,349,315,80,16,5,1,109,24,13,5,2,1,26,0,5,74,4,3,0.234 ,0.623 
로하스,67025,2019,142,578,521,168,30,3,24,276,104,4,4,0,5,49,5,3,120,4,6,0.297 ,0.889 
김혜성,67304,2019,122,387,348,96,16,7,0,126,32,20,3,4,4,29,1,2,85,4,15,0.271 ,0.755 
이정후,67341,2019,140,630,574,193,31,10,6,262,68,13,7,3,4,45,0,4,40,15,2,0.307 ,0.806 
러프,67450,2019,133,568,472,138,35,2,22,243,101,6,3,0,9,80,6,7,87,18,5,0.317 ,0.983 
로맥,67872,2019,137,589,504,139,28,1,29,256,95,6,3,0,6,73,3,6,117,11,4,0.266 ,0.837 
강백호,68050,2019,116,505,438,147,29,1,13,217,65,9,5,0,4,61,4,2,87,11,3,0.284 ,0.833 
샌즈,68345,2019,139,613,525,160,39,1,28,285,113,1,2,0,5,77,1,6,101,17,5,0.302 ,0.917 
호잉,68730,2019,124,525,476,135,26,2,18,219,73,22,7,1,5,38,5,5,90,6,2,0.262 ,0.774 
정은원,68743,2019,142,624,564,148,27,6,8,211,57,14,7,6,6,48,0,0,101,6,13,0.241 ,0.662 
페르난데스,69209,2019,144,645,572,197,34,0,15,276,88,1,2,0,6,61,4,6,54,16,3,0.313 ,0.906 
이학주,69453,2019,118,436,385,101,14,3,7,142,36,15,5,5,4,32,0,10,89,3,19,0.232 ,0.655 
윌슨,69569,2019,68,268,231,58,15,0,9,100,37,1,2,0,1,31,0,5,60,8,4,0.274 ,0.827 
터커,69652,2019,95,399,357,111,33,0,9,171,50,0,0,0,1,38,0,3,44,12,4,0.293 ,0.795 
김주찬,70410,2019,100,363,337,101,16,0,3,126,32,3,1,1,3,17,3,5,44,6,6,0.250 ,0.637 
이대호,71564,2019,135,549,485,138,23,1,16,211,88,0,0,0,7,47,4,10,65,19,1,0.290 ,0.850 
김태균,71752,2019,127,500,433,132,21,0,6,171,62,3,0,0,8,54,5,5,94,15,1,0.301 ,0.805 
김강민,71837,2019,127,460,422,114,14,2,8,156,50,15,8,0,3,31,3,4,103,2,3,0.298 ,0.770 
최형우,72443,2019,136,555,456,137,31,1,17,221,86,0,1,0,7,85,6,7,77,13,0,0.263 ,0.859 
박경수,73113,2019,137,490,421,104,24,0,10,158,65,0,1,4,6,55,1,4,102,14,9,0.281 ,0.815 
이성열,73136,2019,129,476,414,106,21,1,21,192,85,8,4,1,4,48,1,9,114,7,5,0.314 ,0.986 
김재호,74206,2019,130,470,377,101,22,0,4,135,48,3,3,8,11,67,3,7,58,10,10,0.257 ,0.773 
유한준,74339,2019,139,562,501,159,19,1,14,222,86,3,0,0,5,52,1,4,61,20,2,0.373 ,0.933 
박석민,74465,2019,112,444,360,96,17,1,19,172,74,1,2,4,3,65,2,12,69,17,11,0.280 ,0.913 
강민호,74540,2019,112,393,346,81,20,0,13,140,45,0,0,2,3,33,2,9,76,9,8,0.235 ,0.809 
박병호,75125,2019,122,532,432,121,22,0,33,242,98,0,1,0,9,78,5,13,117,7,6,0.291 ,0.922 
정의윤,75151,2019,110,419,380,107,24,0,13,170,59,0,0,0,2,30,1,6,60,9,1,0.279 ,0.729 
오재일,75334,2019,130,529,467,137,29,1,21,231,102,2,1,0,4,55,1,3,99,5,4,0.344 ,1.053 
이원석,75566,2019,111,455,395,97,20,0,19,174,76,2,1,2,7,43,0,8,73,10,13,0.304 ,0.971 
정근우,75808,2019,88,305,277,77,10,1,3,98,30,8,5,3,1,20,1,4,43,11,6,0.361 ,0.934 
최정,75847,2019,141,606,503,147,27,0,29,261,99,3,2,0,8,69,6,26,92,4,14,0.333 ,1.048 
양의지,76232,2019,118,459,390,138,26,0,20,224,68,4,3,0,6,48,4,15,43,13,2,0.364 ,1.025 
민병헌,76249,2019,101,420,369,112,24,2,9,167,43,13,6,1,3,42,0,5,55,9,2,0.289 ,0.820 
최주환,76267,2019,87,325,285,79,13,0,4,104,47,0,0,0,11,28,0,1,35,10,3,0.281 ,0.713 
김현수,76290,2019,140,595,526,160,37,0,11,230,82,3,1,0,9,54,9,6,52,11,1,0.329 ,0.938 
황재균,76313,2019,124,507,448,127,16,3,20,209,67,10,7,0,5,52,2,2,71,10,11,0.262 ,0.722 
송광민,76753,2019,122,486,454,120,21,0,7,162,51,8,2,3,5,21,0,3,91,18,16,0.261 ,0.679 
김성현,76802,2019,144,472,426,105,16,2,1,128,34,6,2,8,3,33,0,2,43,15,26,0.216 ,0.537 
이재원,76812,2019,139,502,451,121,19,0,12,176,75,1,0,1,7,34,2,9,59,16,6,0.303 ,0.832 
이명기,76849,2019,80,302,265,75,10,2,1,92,21,4,3,3,2,28,1,4,41,4,1,0.269 ,0.698 
손아섭,77532,2019,134,568,512,151,22,1,10,205,63,13,8,1,2,52,1,1,92,6,4,0.293 ,0.750 
김민성,77564,2019,107,401,361,94,16,0,8,134,50,2,1,5,1,30,0,4,75,12,6,0.330 ,0.859 
이형종,78135,2019,120,482,419,120,24,1,13,185,63,6,5,1,10,42,1,10,78,9,2,0.248 ,0.790 
서건창,78168,2019,113,486,426,128,23,3,2,163,41,17,3,3,5,49,1,3,50,5,6,0.344 ,0.797 
김재환,78224,2019,136,574,495,140,20,5,15,215,91,3,1,0,11,63,5,5,113,7,0,0.300 ,0.920 
최재훈,78288,2019,135,451,373,108,18,0,3,135,31,3,10,4,4,56,0,14,61,9,6,0.225 ,0.707 
전준우,78513,2019,141,606,545,164,30,1,22,262,83,8,2,1,7,46,2,7,71,19,4,0.279 ,0.745 
장성우,78548,2019,127,413,366,96,7,0,7,124,41,0,1,4,6,35,2,2,86,11,5,0.247 ,0.592 
김선빈,78603,2019,121,447,394,115,22,0,3,146,40,5,4,5,4,43,0,1,26,7,10,0.297 ,0.735 
오선진,78756,2019,122,453,392,88,16,0,3,113,36,7,2,10,3,38,0,10,72,8,12,0.263 ,0.663 
모창민,78813,2019,101,386,341,104,21,2,10,159,55,3,2,0,11,31,1,3,62,8,5,0.261 ,0.801 
오지환,79109,2019,134,547,473,119,23,5,9,179,53,27,5,7,3,57,1,7,113,7,12,0.256 ,0.802 
정주현,79150,2019,129,425,376,87,19,2,2,116,27,15,6,16,1,31,0,1,91,10,13,0.195 ,0.527 
채은성,79192,2019,128,514,470,148,18,1,12,204,72,2,2,0,8,24,1,12,67,9,2,0.331 ,0.819 
박건우,79215,2019,127,537,458,146,27,5,10,213,64,12,3,1,11,60,0,7,57,23,3,0.284 ,0.805 
정수빈,79231,2019,123,513,441,117,19,5,0,146,41,26,8,4,5,57,0,6,60,6,3,0.245 ,0.646 
허경민,79240,2019,133,540,475,137,25,1,4,176,60,11,5,3,11,34,2,17,36,16,8,0.324 ,0.866 
장영석,79334,2019,119,413,372,92,15,0,7,128,62,0,0,0,5,27,0,9,77,14,10,0.287 ,0.757 
박동원,79365,2019,112,361,317,94,15,1,10,141,55,1,0,7,1,34,0,2,56,10,1,0.337 ,1.035 
김상수,79402,2019,129,543,468,127,20,2,5,166,38,21,3,6,4,50,1,15,67,14,10,0.228 ,0.618 
이지영,79456,2019,106,331,308,87,5,1,1,97,39,5,1,6,1,15,1,1,28,14,3,0.308 ,0.703 
안치홍,79608,2019,105,408,362,114,18,1,5,149,49,4,2,0,5,40,1,1,37,9,11,0.234 ,0.639 
라모스,50165,2020,117,494,431,120,17,2,38,255,86,2,0,0,4,55,5,4,136,7,6,0.274 ,0.988 
러셀,50350,2020,65,271,244,62,14,0,2,82,31,2,0,0,3,22,1,2,37,6,12,0.274 ,0.710 
김지찬,50458,2020,135,287,254,59,5,1,1,69,13,21,4,5,2,24,0,2,44,1,10,0.194 ,0.465 
마차도,50506,2020,144,560,486,136,31,1,12,205,67,15,1,4,8,54,2,8,60,20,10,0.281 ,0.827 
반즈,50730,2020,74,319,283,75,17,1,9,121,42,2,1,0,2,27,1,7,81,4,4,0.348 ,0.923 
최지훈,50854,2020,127,520,466,120,19,5,1,152,27,18,6,8,3,38,0,5,80,4,4,0.218 ,0.546 
알테어,50923,2020,136,546,482,134,20,7,31,261,108,22,3,0,6,46,3,12,149,10,2,0.333 ,0.974 
정훈,60523,2020,111,476,410,121,19,1,11,175,58,11,1,2,4,56,0,4,85,8,2,0.357 ,0.961 
유강남,61102,2020,137,478,429,112,18,0,16,178,74,1,1,2,2,32,1,13,84,18,2,0.352 ,0.977 
이천웅,61186,2020,89,359,312,80,11,2,3,104,36,8,5,2,6,35,0,4,44,7,1,0.279 ,0.743 
정진호,61208,2020,113,326,282,78,14,1,2,100,19,9,7,10,2,29,1,3,50,5,1,0.192 ,0.532 
고종욱,61353,2020,92,288,272,77,9,3,3,101,26,1,3,0,1,14,0,1,55,3,2,0.263 ,0.592 
김헌곤,61404,2020,97,283,254,63,8,0,3,80,34,7,5,1,3,22,0,3,31,7,1,0.333 ,0.843 
박세혁,62244,2020,124,423,360,97,18,2,4,131,51,5,3,9,7,35,0,12,45,7,8,0.298 ,0.783 
유민상,62265,2020,126,456,391,96,23,0,8,143,65,0,0,2,4,53,1,6,80,14,9,0.308 ,0.907 
구자욱,62404,2020,118,510,446,137,27,2,15,213,78,19,5,1,4,51,3,8,91,4,2,0.336 ,0.988 
박해민,62415,2020,132,541,489,142,18,5,11,203,55,34,12,7,3,39,1,3,77,7,0,0.294 ,0.806 
김준태,62558,2020,128,369,306,69,12,2,5,100,43,2,2,3,3,56,0,1,64,5,7,0.267 ,0.757 
하주석,62700,2020,72,281,262,75,11,0,2,92,32,4,1,2,2,13,0,2,66,3,9,0.306 ,0.750 
박민우,62907,2020,126,530,467,161,27,5,8,222,63,13,6,2,10,36,2,15,48,12,10,0.388 ,0.969 
강진성,62925,2020,121,432,395,122,25,0,12,183,70,9,1,2,6,20,0,9,46,11,4,0.348 ,0.993 
노진혁,62931,2020,132,484,427,117,22,3,20,205,82,0,4,3,0,49,3,5,106,8,9,0.351 ,1.096 
나성범,62947,2020,130,584,525,170,37,2,34,313,112,3,1,0,1,49,2,9,148,6,0,0.338 ,0.976 
한승택,63722,2020,83,262,226,51,6,0,9,84,29,0,0,9,0,21,0,6,58,7,3,0.222 ,0.680 
권희동,63963,2020,123,426,346,90,16,0,12,142,50,3,0,6,5,58,0,11,72,6,2,0.286 ,0.858 
심우준,64006,2020,144,535,476,112,16,3,3,143,51,35,11,16,4,37,0,2,98,7,21,0.258 ,0.607 
배정대,64166,2020,144,615,533,154,25,3,13,224,65,22,13,5,4,68,0,5,142,9,5,0.277 ,0.707 
김하성,64300,2020,138,622,533,163,24,1,30,279,109,23,2,3,3,75,3,8,68,12,20,0.319 ,0.978 
박찬호,64646,2020,141,531,480,107,16,0,3,132,36,15,8,12,3,36,0,0,87,14,15,0.185 ,0.512 
박준태,64657,2020,128,443,347,85,13,1,5,115,29,5,1,9,3,65,0,19,120,4,5,0.173 ,0.643 
조용호,64868,2020,132,482,409,121,15,0,0,136,32,12,3,5,2,64,1,2,83,6,1,0.317 ,0.753 
허정협,65399,2020,111,360,314,84,12,0,10,126,43,0,0,3,1,40,0,2,73,7,3,0.250 ,0.755 
전병우,65586,2020,119,402,359,85,13,3,8,128,48,7,0,2,2,37,0,2,100,7,9,0.280 ,0.763 
홍창기,66108,2020,135,507,408,114,29,6,5,170,39,11,5,3,3,83,1,10,87,8,2,0.266 ,0.840 
최원준,66606,2020,123,412,359,117,16,6,2,151,35,14,3,9,5,33,0,6,35,1,4,0.364 ,0.892 
김동엽,66838,2020,115,451,413,129,21,0,20,210,74,4,4,1,4,29,0,4,79,14,2,0.315 ,0.850 
로하스,67025,2020,142,628,550,192,39,1,47,374,135,0,1,0,8,65,5,5,132,11,4,0.351 ,1.058 
김혜성,67304,2020,142,553,499,142,24,6,7,199,61,25,8,2,4,46,0,2,94,6,9,0.366 ,0.975 
이정후,67341,2020,140,617,544,181,49,5,15,285,101,12,2,2,8,59,6,4,47,16,3,0.354 ,1.061 
로맥,67872,2020,139,586,485,137,32,0,32,265,91,4,2,0,4,91,5,6,116,5,12,0.316 ,1.120 
강백호,68050,2020,129,574,500,165,36,1,23,272,89,7,2,0,3,66,9,5,93,7,10,0.320 ,0.884 
한동희,68525,2020,135,531,461,128,22,0,17,201,67,0,3,5,3,57,0,5,97,15,17,0.243 ,0.790 
정은원,68743,2020,79,303,254,63,9,2,3,85,29,1,1,2,1,41,0,5,41,4,4,0.232 ,0.683 
페르난데스,69209,2020,144,668,586,199,29,0,21,291,105,0,1,0,11,58,1,13,42,26,1,0.327 ,0.879 
터커,69652,2020,142,631,542,166,40,0,32,302,113,0,2,0,4,76,3,9,67,12,1,0.300 ,0.938 
노시환,69737,2020,106,387,346,76,18,2,12,134,43,0,1,1,1,33,1,6,116,8,13,0.160 ,0.590 
이대호,71564,2020,144,611,542,158,27,0,20,245,110,1,0,0,11,53,9,5,68,21,2,0.323 ,0.928 
김태균,71752,2020,67,254,219,48,11,0,2,65,29,0,0,1,2,30,3,2,42,8,0,0.321 ,0.863 
김강민,71837,2020,122,327,289,73,11,1,12,122,45,7,5,5,2,27,2,4,62,10,2,0.250 ,0.779 
최형우,72443,2020,140,600,522,185,37,1,28,308,115,0,0,0,3,70,5,5,101,9,0,0.374 ,1.136 
박경수,73113,2020,119,391,324,91,17,0,13,147,59,0,1,3,7,48,2,9,96,14,8,0.268 ,0.866 
이용규,74163,2020,120,487,419,120,14,2,1,141,32,17,8,2,1,59,0,6,36,9,3,0.294 ,0.772 
김재호,74206,2020,120,458,402,116,15,1,2,139,39,6,2,2,5,45,1,4,45,17,13,0.252 ,0.709 
유한준,74339,2020,119,428,386,108,17,0,11,158,64,0,0,1,1,40,2,0,51,9,0,0.309 ,0.864 
박석민,74465,2020,123,448,356,109,15,0,14,166,63,0,1,2,4,75,2,10,62,11,14,0.327 ,0.960 
강민호,74540,2020,119,393,355,102,14,0,19,173,61,0,0,0,3,31,2,4,54,17,8,0.303 ,1.030 
박병호,75125,2020,93,383,309,69,7,0,21,139,66,0,0,0,8,57,2,9,114,8,6,0.227 ,0.894 
오재일,75334,2020,127,534,471,147,32,0,16,227,89,2,1,0,2,61,1,0,92,12,3,0.376 ,1.001 
이원석,75566,2020,121,467,403,108,17,0,13,164,74,0,1,1,12,49,1,2,82,7,10,0.336 ,0.925 
최정,75847,2020,133,553,452,122,22,0,33,243,96,8,3,0,6,75,1,20,98,7,11,0.276 ,0.919 
양의지,76232,2020,130,528,461,151,26,1,33,278,124,5,2,1,6,46,7,14,47,11,2,0.425 ,1.290 
민병헌,76249,2020,109,342,309,72,12,0,2,90,23,10,6,5,2,21,1,5,62,12,0,0.175 ,0.467 
최주환,76267,2020,140,574,509,156,29,4,16,241,88,2,2,1,10,47,5,7,66,7,10,0.349 ,1.006 
김현수,76290,2020,142,619,547,181,35,2,22,286,119,0,2,0,7,63,7,2,53,9,1,0.446 ,1.209 
황재균,76313,2020,134,600,541,169,35,5,21,277,97,11,6,3,4,47,0,5,98,12,13,0.324 ,0.894 
송광민,76753,2020,94,298,277,65,12,0,9,104,43,0,0,1,3,14,1,3,69,17,6,0.270 ,0.811 
김성현,76802,2020,133,392,343,93,9,1,2,110,25,1,1,11,3,30,0,5,27,10,10,0.236 ,0.561 
이재원,76812,2020,80,251,222,41,8,0,2,55,21,0,0,3,1,19,3,6,24,12,3,0.237 ,0.615 
이명기,76849,2020,136,540,477,146,18,3,2,176,45,12,7,5,4,50,0,4,78,6,1,0.311 ,0.720 
손아섭,77532,2020,141,611,540,190,43,0,11,266,85,5,0,1,7,61,4,2,56,9,1,0.333 ,0.879 
김민성,77564,2020,87,333,297,79,20,0,5,114,47,2,1,4,4,24,2,4,66,8,5,0.321 ,0.906 
이형종,78135,2020,81,323,287,85,17,2,17,157,50,1,0,0,2,27,1,7,61,7,4,0.288 ,0.930 
서건창,78168,2020,135,595,484,134,28,5,5,187,52,24,10,5,10,91,1,5,58,8,3,0.300 ,0.796 
김재환,78224,2020,140,614,516,137,26,1,30,255,113,6,0,0,6,91,3,1,154,14,2,0.278 ,0.852 
최재훈,78288,2020,126,389,339,102,19,0,3,130,36,0,0,5,0,29,0,16,44,7,5,0.325 ,0.787 
전준우,78513,2020,143,628,562,157,34,1,26,271,96,5,5,3,3,52,0,8,79,21,5,0.272 ,0.908 
장성우,78548,2020,130,455,400,111,15,0,13,165,79,0,0,10,6,38,0,1,64,15,3,0.310 ,0.857 
김선빈,78603,2020,85,351,303,100,19,0,1,122,37,1,1,1,5,40,0,2,43,12,3,0.345 ,0.856 
나지완,78629,2020,137,556,468,136,19,1,17,208,92,0,0,0,6,64,1,18,114,6,1,0.338 ,1.016 
오지환,79109,2020,141,591,527,158,41,7,10,243,71,20,8,5,5,45,1,9,116,4,15,0.293 ,0.848 
정주현,79150,2020,134,371,328,81,10,4,4,111,30,8,7,9,2,29,0,3,63,6,10,0.253 ,0.665 
채은성,79192,2020,109,464,416,122,17,2,15,188,88,0,3,0,7,32,1,9,69,12,2,0.352 ,0.985 
박건우,79215,2020,129,551,487,148,40,0,14,230,70,8,2,3,7,42,2,12,65,9,2,0.280 ,0.740 
정수빈,79231,2020,141,559,490,146,17,8,5,194,59,15,6,7,5,55,3,2,56,10,1,0.265 ,0.734 
허경민,79240,2020,117,487,437,145,25,1,7,193,58,14,6,3,7,35,2,5,28,10,9,0.375 ,0.911 
박동원,79365,2020,112,372,324,81,21,0,12,138,50,0,0,2,2,38,0,6,68,10,6,0.250 ,0.821 
김상수,79402,2020,120,471,404,123,18,3,5,162,47,10,3,2,2,55,1,8,55,16,7,0.311 ,0.926 
이지영,79456,2020,101,289,262,81,10,2,0,95,36,1,1,3,1,19,1,4,28,8,4,0.333 ,0.797 
안치홍,79608,2020,124,460,412,118,28,0,8,170,54,14,3,4,2,35,2,7,47,11,14,0.288 ,0.807 
