시즌,팀,남녀부,경기,세트,득점,공격종합_성공,공격종합_블로킹,공격종합_범실,공격종합_연결,공격종합_시도,공격종합_성공률,오픈_성공,오픈_블로킹,오픈_범실,오픈_연결,오픈_시도,오픈_성공률,속공_성공,속공_블로킹,속공_범실,속공_연결,속공_시도,속공_성공률,퀵오픈_성공,퀵오픈_블로킹,퀵오픈_범실,퀵오픈_연결,퀵오픈_시도,퀵오픈_성공률,시간차_성공,시간차_블로킹,시간차_범실,시간차_연결,시간차_시도,시간차_성공률,이동_성공,이동_블로킹,이동_범실,이동_계속,이동_시도,이동_성공률,후위_성공,후위_블로킹,후위_범실,후위_연결,후위_시도,후위_성공률,블로킹_성공,유효블로킹,블로킹_실패,블로킹_범실,블로킹_연결,블로킹_시도,블로킹_세트당_평균,블로킹_어시스트,서브_성공,서브_범실,서브_연결,서브_시도,서브_세트당_평균,벌칙,개인범실,팀범실,세트_성공,세트_범실,세트_연결,세트_시도,세트_세트당_평균,리시브_정확,리시브_실패,리시브_연결,리시브_시도,리시브_효율,디그_성공,디그_범실,디그_실패,디그_시도,디그_세트당_평균
2005,KAL,남,20,76,1580,1014,205,165,803,2187,46.36,547,139,92,466,1244,43.97,164,15,13,123,315,52.06,,,,,,,82,10,9,53,154,53.24,99,19,17,79,214,46.26,122,22,34,82,260,46.92,189,,380,26,183,752,2.486,,20,156,1415,1591,0.263,1,371,,965,16,1155,2136,12.69,916,46,596,1558,55.84,800,174,7,981,10.52
2005,삼성,남,20,74,1757,1093,181,156,691,2121,51.53,552,115,100,357,1124,49.11,253,20,13,171,457,55.36,,,,,,,46,9,6,28,89,51.68,88,12,6,32,138,63.76,154,25,31,103,313,49.2,234,,352,21,200,786,3.162,,50,176,1509,1735,0.675,,376,,1041,18,998,2057,14.06,944,23,384,1351,68.17,865,167,5,1037,11.68
2005,LG,남,20,80,1791,1133,213,191,776,2313,48.98,503,125,92,414,1134,44.35,221,20,17,147,405,54.56,,,,,,,120,19,11,82,232,51.72,42,6,7,29,84,50,247,43,64,104,458,53.93,212,,391,15,201,804,2.65,,51,192,1550,1793,0.637,1,427,,1102,20,1160,2282,13.77,1070,40,476,1586,64.94,884,137,8,1029,11.05
2005,현대,남,20,70,1685,1006,142,98,700,1946,51.69,450,83,49,369,951,47.31,265,19,18,164,466,56.86,,,,,,,108,7,6,55,176,61.36,51,3,3,20,77,66.23,132,30,22,92,276,47.82,235,,398,26,235,868,3.357,,48,137,1477,1662,0.685,,284,,961,17,917,1895,13.72,867,31,403,1301,64.25,773,141,6,920,11.04
2005,상무,남,20,72,1468,962,201,184,817,2164,44.45,486,109,101,417,1113,43.66,198,29,22,181,430,46.04,,,,,,,103,14,10,69,196,52.55,55,11,11,37,114,48.24,120,38,40,113,311,38.58,144,,345,19,167,656,2,,27,138,1323,1488,0.375,,371,,932,29,1176,2137,12.94,987,56,492,1535,60.65,834,157,1,992,11.58
2005,한전,남,20,74,1611,1030,229,169,756,2184,47.16,504,144,102,395,1145,44.01,245,24,28,166,463,52.91,,,,,,,140,30,10,92,272,51.47,59,5,3,30,97,60.82,82,26,26,73,207,39.61,157,,345,18,157,659,2.121,,42,200,1382,1624,0.567,,416,,994,26,1131,2151,13.43,1066,42,453,1561,65.59,847,194,3,1044,11.44
2005,GS,여,16,60,1228,763,97,165,1516,2541,30.02,443,56,99,921,1519,29.16,93,14,18,166,291,31.95,,,,,,,140,18,22,244,424,33.01,53,5,7,88,153,34.64,34/(32),4,19,97,154,22.07,132,,263,11,247,642,2.2,,26,68,1110,1204,0.433,,287,,715,34,1764,2513,11.91,666,37,571,1274,49.37,1592,213,9,1814,26.53
2005,KT&G,여,16,60,1390,937,101,96,1619,2753,34.03,424,57,46,860,1387,30.56,86,8,6,101,201,42.78,,,,,,,292,30,25,460,807,36.18,111,5,9,110,235,47.23,24/(23),1,10,88,123,19.51,122,,227,7,270,619,2.033,,37,53,1272,1362,0.616,,174,,882,14,1783,2679,14.7,634,27,448,1109,54.73,1884,207,4,2095,31.4
2005,도공,여,16,59,1373,924,67,122,1464,2577,35.85,492,35,67,875,1469,33.49,155,12,14,149,330,46.96,,,,,,,174,12,23,312,521,33.39,92,8,8,86,194,47.42,11/(11),,10,42,63,17.46,122,,230,6,228,580,2.067,,30,48,1272,1350,0.508,,196,,871,15,1620,2506,14.76,607,31,401,1039,55.43,1792,222,5,2019,30.37
2005,현대,여,16,63,1389,946,118,149,1540,2753,34.36,438,61,71,797,1367,32.04,161,22,15,163,361,44.59,,,,,,,227,23,37,371,658,34.49,92,11,14,126,243,37.86,28/(27),1,12,83,124,22.58,104,,211,14,255,570,1.65,,37,85,1238,1360,0.587,1,285,,890,27,1724,2641,14.12,775,44,461,1280,57.1,1694,199,9,1902,26.88
2005,흥국,여,16,60,1186,789,155,209,1475,2628,30.02,362,83,104,733,1282,28.23,168,35,33,259,495,33.93,,,,,,,135,21,27,242,425,31.76,59,11,11,73,154,38.31,65/(64),5,34,168,272,23.89,58,,196,13,192,446,0.966,,50,128,957,1135,0.833,,390,,749,37,1808,2594,12.48,748,41,534,1323,53.43,1555,211,3,1769,25.91
2005~2006,KAL,남,35,125,2741,1634,354,291,1394,3673,44.48,801,202,165,787,1955,40.97,234,38,21,179,472,49.57,171,32,16,120,339,50.44,85,15,16,46,162,52.46,155,13,14,107,289,53.63,188,54,59,155,456,41.22,369,419,679,28,333,1800,2.952,265,82,256,2412,2750,0.656,1,614,,1555,27,2014,3596,12.44,1586,83,882,2551,58.91,1445,363,11,1819,11.56
2005~2006,삼성,남,35,124,2906,1788,334,275,1195,3592,49.77,803,180,148,638,1769,45.39,348,47,37,234,666,52.25,122,17,10,42,191,63.87,96,13,8,49,166,57.83,82,20,8,55,165,49.69,337,57,64,177,635,53.07,387,493,587,21,300,1767,3.12,310,93,333,2451,2877,0.75,1,673,,1717,34,1784,3535,13.84,1571,46,616,2233,68.29,1509,330,9,1848,12.16
2005~2006,LIG,남,35,128,2833,1718,378,291,1336,3723,46.14,808,231,156,755,1950,41.43,268,27,33,230,558,48.02,123,25,8,46,202,60.89,133,17,6,75,231,57.57,38,4,4,22,68,55.88,348,74,84,208,714,48.73,359,428,702,23,338,1827,2.804,282,97,262,2474,2833,0.757,,623,2,1646,35,1985,3666,12.85,1664,93,811,2568,61.17,1452,335,12,1799,11.34
2005~2006,현대,남,35,124,2976,1758,220,201,1218,3397,51.75,743,119,107,654,1623,45.77,397,37,34,220,688,57.7,182,16,5,86,289,62.97,188,15,18,83,304,61.84,56,4,5,29,94,59.57,192,29,32,146,399,48.12,438,477,701,27,396,2012,3.532,352,103,280,2553,2936,0.83,,558,,1681,39,1619,3339,13.55,1493,65,676,2234,63.92,1414,363,11,1788,11.4
2005~2006,상무,남,35,124,2540,1611,392,355,1248,3606,44.67,569,169,169,503,1410,40.35,269,56,37,249,611,44.02,329,62,33,176,600,54.83,164,36,33,104,337,48.66,39,4,3,22,68,57.35,241,65,80,194,580,41.55,247,428,589,31,232,1496,1.991,191,61,263,2240,2564,0.491,,704,4,1542,43,1987,3572,12.43,1738,84,777,2599,63.63,1389,347,12,1748,11.2
2005~2006,한전,남,35,131,2711,1694,406,327,1335,3762,45.02,635,220,156,629,1640,38.71,385,55,48,272,760,50.65,192,38,25,106,361,53.18,232,44,22,162,460,50.43,89,7,10,39,145,61.37,161,42,66,127,396,40.65,284,388,657,36,295,1624,2.167,213,86,294,2364,2744,0.656,1,715,5,1614,46,2050,3710,12.32,1888,96,777,2761,64.9,1363,408,11,1782,10.4
2005~2006,GS,여,28,110,2304,1362,200,330,2573,4465,30.5,686,110,178,1359,2333,29.4,126,21,19,227,393,32.06,91,9,4,109,213,42.72,99,13,7,153,272,36.39,97,9,20,155,281,34.51,263/(248),38,102,570,973,27.02,152,743,472,13,342,1709,1.381,90,50,135,1887,2072,0.454,,534,2,1293,41,3188,4522,11.75,1279,100,868,2247,52.46,2809,402,15,3226,25.53
2005~2006,KT&G,여,28,114,2469,1551,216,225,2886,4878,31.79,586,104,109,1462,2261,25.91,189,18,12,195,414,45.65,154,19,11,220,404,38.11,404,50,28,554,1036,38.99,139,17,13,204,373,37.26,79/(74),8,52,251,390,20.25,215,684,498,10,390,1787,1.885,135,29,64,2304,2397,0.254,,345,,1463,34,3325,4822,12.83,1287,75,807,2169,55.87,3181,466,12,3659,27.9
2005~2006,도공,여,28,106,2413,1483,159,271,2782,4695,31.58,545,77,131,1260,2013,27.07,233,16,16,338,603,38.64,158,22,14,196,390,40.51,186,12,14,256,468,39.74,215,14,24,246,499,43.08,146/(139),18,72,486,722,20.22,194,668,480,18,405,1747,1.83,125,57,91,2117,2265,0.537,,417,2,1366,27,3176,4569,12.88,1224,61,695,1980,58.73,3111,459,10,3580,29.34
2005~2006,현대,여,28,110,2376,1477,164,303,2506,4450,33.19,506,75,116,1011,1708,29.62,249,12,27,322,610,40.81,168,17,25,201,411,40.87,231,17,29,350,627,36.84,124,18,18,166,326,38.03,199/(181),25,88,456,768,25.91,198,633,400,27,392,1623,1.8,132,90,149,1954,2193,0.818,1,532,2,1394,40,2944,4378,12.67,1273,76,712,2061,58.07,2797,400,12,3209,25.42
2005~2006,흥국,여,28,110,2514,1507,195,323,2166,4191,35.95,372,70,88,732,1262,29.47,284,41,43,303,671,42.32,202,17,27,194,440,45.9,238,18,34,277,567,41.97,129,13,11,113,266,48.49,282/(252),36,120,547,985,28.62,175,564,360,23,285,1384,1.59,122,143,253,1858,2254,1.3,1,663,2,1417,46,2614,4077,12.88,1298,53,666,2017,61.72,2508,375,17,2900,22.8
2006~2007,KAL,남,30,116,2645,1615,288,292,1179,3374,47.86,720,153,145,626,1644,43.79,174,24,24,133,355,49.01,298,34,35,180,547,54.47,89,22,15,68,194,45.87,53,6,5,31,95,55.78,281,49,68,141,539,52.13,315,386,568,27,279,1548,2.715,249,132,377,2124,2633,1.137,1,740,,1550,38,1771,3359,13.36,1435,72,787,2294,59.41,1327,349,5,1681,11.43
2006~2007,삼성,남,30,109,2636,1561,243,279,1043,3126,49.93,513,111,113,491,1228,41.77,266,24,29,168,487,54.62,168,26,22,98,314,53.5,100,8,13,54,175,57.14,80,3,8,37,128,62.5,434,71,94,195,794,54.65,302,399,481,42,319,1501,2.77,230,112,366,2132,2610,1.027,1,726,1,1508,31,1569,3108,13.83,1344,64,577,1985,64.48,1340,306,7,1653,12.29
2006~2007,LIG,남,30,107,2452,1378,266,225,1149,3018,45.65,520,134,108,567,1329,39.12,216,25,22,163,426,50.7,226,48,21,151,446,50.67,92,11,6,51,160,57.5,19,2,1,7,29,65.51,305,46,67,210,628,48.56,320,337,560,34,298,1515,2.99,259,71,267,2111,2449,0.663,,564,1,1326,32,1688,3046,12.39,1140,101,858,2099,49.49,1236,351,6,1593,11.55
2006~2007,현대,남,30,109,2637,1455,198,174,1078,2905,50.08,408,88,58,445,999,40.84,235,25,20,142,422,55.68,360,31,29,218,638,56.42,157,15,10,80,262,59.92,46,3,4,25,78,58.97,249,36,53,168,506,49.2,352,394,575,13,299,1620,3.229,292,102,312,2201,2615,0.935,,538,,1389,27,1464,2880,12.74,1144,76,738,1958,54.54,1193,371,12,1576,10.94
2006~2007,상무,남,30,99,1935,1157,316,282,1052,2807,41.21,371,149,130,462,1112,33.36,210,43,28,221,502,41.83,204,54,31,119,408,50,134,22,29,100,285,47.01,65,6,5,34,110,59.09,173,42,59,116,390,44.35,170,285,433,24,178,1066,1.717,110,45,196,1727,1968,0.454,,545,,1118,37,1731,2886,11.29,1300,98,701,2099,57.26,1096,346,6,1448,11.07
2006~2007,한전,남,30,102,2129,1304,349,274,1014,2941,44.33,424,170,132,441,1167,36.33,315,56,31,196,598,52.67,155,44,21,107,327,47.4,192,33,27,128,380,50.52,68,8,9,31,116,58.62,150,38,54,111,353,42.49,201,273,451,23,201,1126,1.97,156,85,297,1775,2157,0.833,,642,,1230,39,1647,2916,12.05,1325,109,718,2152,56.5,1135,356,9,1500,11.12
2006~2007,GS,여,24,89,1918,1156,151,239,1896,3442,33.58,445,53,100,854,1452,30.64,85,16,13,132,246,34.55,187,25,23,280,515,36.31,181,12,22,227,442,40.95,146,18,22,135,321,45.48,112/(102),27,59,268,466,24.03,157,530,406,20,277,1370,1.764,103,64,153,1608,1825,0.719,,467,,1069,45,2354,3468,12.01,934,81,749,1764,48.35,2079,340,10,2429,23.35
2006~2007,KT&G,여,24,90,1865,1102,198,210,2065,3575,30.82,386,72,76,851,1385,27.87,161,18,12,207,398,40.45,142,27,27,242,438,32.42,227,40,23,386,676,33.57,96,13,11,162,282,34.04,90/(79),28,61,217,396,22.72,152,481,387,3,270,1290,1.688,94,61,104,1647,1812,0.677,,360,1,1049,32,2558,3639,11.65,957,96,777,1830,47.04,2211,383,11,2605,24.56
2006~2007,도공,여,24,95,2090,1238,183,240,1907,3568,34.69,500,91,115,976,1682,29.72,150,17,19,207,393,38.16,196,24,17,203,440,44.54,158,18,14,178,368,42.93,73,11,5,91,180,40.55,161/(139),22,70,252,505,31.88,184,562,347,20,287,1380,1.936,124,66,124,1751,1941,0.694,,434,,1147,44,2387,3578,12.07,900,74,729,1703,48.5,2240,382,6,2628,23.57
2006~2007,현대,여,24,97,2134,1221,178,233,2152,3784,32.26,396,75,95,910,1476,26.82,205,22,13,249,489,41.92,175,18,24,248,465,37.63,203,27,24,333,587,34.58,111,13,12,106,242,45.86,131/(118),23,65,306,525,24.95,200,559,370,12,326,1455,2.061,131,83,157,1775,2015,0.855,,450,1,1147,44,2577,3768,11.82,993,91,729,1813,49.75,2369,356,4,2729,24.42
2006~2007,흥국,여,24,95,2209,1340,153,247,1573,3313,40.44,383,47,82,547,1059,36.16,148,16,21,207,392,37.75,281,26,23,227,557,50.44,223,25,23,205,476,46.84,122,12,18,111,263,46.38,183/(143),27,80,276,566,32.33,170,448,350,24,315,1283,1.789,118,149,253,1640,2042,1.568,,579,,1248,40,1960,3248,13.13,986,74,665,1725,52.86,1861,301,15,2177,19.58
2007~2008,KAL,남,35,135,3132,1921,279,294,1266,3760,51.09,557,93,128,489,1267,43.96,238,30,18,176,462,51.51,493,68,49,286,896,55.02,218,28,22,94,362,60.22,88,4,2,35,129,68.21,327,56,75,186,644,50.77,382,509,640,25,315,1846,2.829,285,104,420,2582,3106,0.77,,775,2,1844,28,1855,3727,13.65,1666,90,804,2560,61.56,1484,397,8,1889,10.99
2007~2008,삼성,남,35,130,3090,1883,366,239,1187,3675,51.23,560,133,91,502,1286,43.54,362,40,32,241,675,53.62,318,77,31,159,585,54.35,218,30,13,90,351,62.1,83,5,5,29,122,68.03,342,81,67,166,656,52.13,345,474,623,42,332,1774,2.653,269,102,359,2603,3064,0.784,1,678,1,1791,34,1834,3659,13.77,1650,65,683,2398,66.09,1513,381,4,1898,11.63
2007~2008,LIG손보,남,35,125,2799,1650,274,325,1336,3585,46.02,514,116,128,566,1324,38.82,229,24,25,188,466,49.14,365,43,63,242,713,51.19,191,24,14,78,307,62.21,25,1,,11,37,67.56,326,66,95,251,738,44.17,357,443,585,42,330,1715,2.856,274,95,346,2363,2804,0.76,,749,2,1592,29,1998,3619,12.73,1422,81,984,2487,53.92,1397,418,7,1822,11.17
2007~2008,현대,남,35,131,3040,1816,256,265,1395,3732,48.66,443,105,110,533,1191,37.19,386,37,41,211,675,57.18,433,49,37,293,812,53.32,251,24,22,148,445,56.4,60,4,5,22,91,65.93,243,37,50,188,518,46.91,401,522,763,33,358,2044,3.061,309,86,296,2643,3025,0.656,,639,,1752,38,1964,3754,13.37,1555,97,850,2502,58.27,1556,417,7,1980,11.87
2007~2008,상무,남,35,135,2939,1775,412,369,1738,4294,41.33,453,177,150,660,1440,31.45,335,51,35,296,717,46.72,383,78,57,296,814,47.05,285,39,26,196,546,52.19,76,12,12,55,155,49.03,243,55,89,235,622,39.06,301,509,648,22,290,1748,2.229,212,66,287,2610,2963,0.488,,726,,1686,44,2561,4291,12.48,1896,86,858,2840,63.73,1798,523,4,2325,13.31
2007~2008,한전,남,35,126,2552,1581,444,343,1315,3683,42.92,486,216,161,562,1425,34.1,313,63,35,240,651,48.07,273,56,28,167,524,52.09,238,42,36,162,478,49.79,71,6,9,30,116,61.2,200,61,74,154,489,40.89,245,361,586,37,262,1454,1.944,180,86,342,2161,2589,0.682,,781,3,1534,49,2176,3759,12.17,1732,84,855,2671,61.69,1374,432,10,1816,10.9
2007~2008,GS,여,28,110,2401,1336,201,284,2361,4182,31.94,536,89,118,1057,1800,29.77,166,25,17,257,465,35.69,248,32,25,313,618,40.12,137,20,19,223,399,34.33,91,12,16,138,257,35.4,158/(138),23,89,373,643,24.57,252,655,442,29,311,1660,2.29,166,79,180,1993,2252,0.718,,553,3,1239,50,2917,4206,11.26,1101,72,882,2055,50.07,2533,440,10,2983,23.02
2007~2008,KT&G,여,28,105,2372,1366,241,231,2106,3944,34.63,457,86,93,907,1543,29.61,206,34,22,249,511,40.31,186,48,22,217,473,39.32,291,37,28,402,758,38.39,82,13,9,78,182,45.05,144/(122),23,57,253,477,30.18,194,591,394,23,309,1488,1.847,120,74,172,2005,2251,0.704,,476,,1280,44,2684,4008,12.19,1097,87,759,1943,51.98,2461,412,6,2879,23.43
2007~2008,현대,여,28,110,2335,1282,206,311,2217,4016,31.92,508,90,127,1013,1738,29.22,92,24,18,195,329,27.96,203,31,39,244,517,39.26,248,29,35,365,677,36.63,86,9,19,115,229,37.55,145/(128),23,73,285,526,27.56,239,543,477,19,308,1567,2.172,136,92,188,1949,2229,0.836,2,588,3,1174,58,2867,4099,10.67,1176,109,956,2241,47.61,2296,420,11,2727,20.87
2007~2008,흥국,여,28,106,2490,1503,193,297,1805,3798,39.57,416,61,118,669,1264,32.91,146,26,27,193,392,37.24,340,36,30,243,649,52.38,235,26,28,222,511,45.98,157,20,15,130,322,48.75,209/(162),24,79,348,660,31.66,186,553,365,30,322,1426,1.754,128,113,284,1912,2309,1.066,,671,1,1414,55,2352,3821,13.33,1057,74,788,1919,51.22,2222,343,5,2570,20.96
2007~2008,도공,여,28,113,2451,1395,243,354,2274,4266,32.7,494,103,147,1008,1752,28.19,189,28,36,265,518,36.48,291,38,30,328,687,42.35,171,29,21,262,483,35.4,81,10,17,124,232,34.91,169/(151),35,103,287,594,28.45,213,619,398,17,310,1540,1.884,132,99,190,2014,2303,0.876,2,628,2,1294,59,2998,4351,11.45,1133,96,916,2145,48.34,2579,446,6,3031,22.82
2008~2009,KAL,남,35,130,2991,1827,315,267,1243,3652,50.02,561,137,109,520,1327,42.27,281,29,23,173,506,55.53,381,65,36,204,686,55.53,222,24,19,110,375,59.2,22,2,2,6,32,68.75,360,58,78,230,726,49.58,338,464,607,30,296,1705,2.6,261,115,478,2384,2977,0.884,1,820,,1737,37,1868,3642,13.36,1579,94,819,2492,59.59,1467,366,7,1840,11.28
2008~2009,삼성,남,35,124,3021,1833,399,226,1154,3612,50.74,571,163,96,502,1332,42.86,342,40,34,214,630,54.28,296,63,26,172,557,53.14,171,44,8,86,309,55.33,40,4,3,19,66,60.6,413,85,59,161,718,57.52,335,499,589,15,263,1686,2.701,248,93,346,2561,3000,0.75,2,617,,1743,25,1803,3571,14.05,1595,60,636,2291,67,1533,370,3,1906,12.36
2008~2009,LIG손보,남,35,130,2912,1694,302,293,1199,3488,48.56,567,134,127,532,1360,41.69,292,42,42,194,570,51.22,308,41,36,156,541,56.93,130,15,12,68,225,57.77,5,,4,2,11,45.45,392,70,72,247,781,50.19,384,408,647,12,306,1745,2.953,282,109,410,2392,2911,0.838,1,767,2,1601,43,1811,3455,12.31,1471,113,923,2507,54.16,1290,392,8,1690,9.923
2008~2009,현대,남,35,126,3004,1724,214,240,1139,3317,51.97,467,91,109,442,1109,42.11,293,26,23,171,513,57.11,483,44,44,257,828,58.33,219,18,14,119,370,59.18,3,,,1,4,75,259,35,50,149,493,52.53,450,389,736,19,331,1906,3.571,348,90,336,2546,2972,0.714,2,635,1,1638,31,1616,3285,13,1477,102,760,2339,58.78,1246,417,7,1670,9.888
2008~2009,KEPCO45,남,35,119,2398,1441,427,297,1188,3353,42.97,429,187,144,475,1235,34.73,281,45,19,197,542,51.84,314,76,45,218,653,48.08,224,53,30,140,447,50.11,5,,,5,10,50,188,66,59,153,466,40.34,232,363,494,10,219,1308,1.949,174,97,365,1974,2436,0.815,1,725,1,1399,46,1992,3437,11.75,1542,110,860,2512,57,1249,407,6,1662,10.49
2008~2009,신협상무,남,35,119,2505,1484,344,358,1571,3757,39.49,408,172,161,636,1377,29.62,292,42,42,284,660,44.24,326,68,58,249,701,46.5,291,19,25,196,531,54.8,4,3,2,7,16,25,163,40,70,199,472,34.53,262,448,551,14,255,1516,2.201,211,77,258,2193,2528,0.647,,678,,1427,41,2338,3806,11.99,1529,69,855,2453,59.51,1613,401,7,2021,13.55
2008~2009,GS,여,28,112,2517,1583,204,271,1999,4057,39.01,729,107,142,1048,2026,35.98,151,31,10,185,377,40.05,275,22,39,278,614,44.78,174,15,14,225,428,40.65,118,14,12,118,262,45.03,136,15,54,145,350,38.85,256,624,469,30,345,1694,2.285,170,97,195,2200,2492,0.866,1,536,2,1474,34,2549,4057,13.16,1157,97,898,2152,49.25,2300,413,5,2718,20.53
2008~2009,KT&G,여,28,109,2417,1508,222,247,1853,3830,39.37,611,102,120,976,1809,33.77,239,28,23,244,534,44.75,229,30,27,222,508,45.07,220,30,21,211,482,45.64,18,2,,22,42,42.85,191,30,56,178,455,41.97,246,556,430,29,338,1570,2.256,158,58,147,2209,2414,0.532,1,474,,1417,38,2433,3888,13,1185,106,863,2154,50.09,2138,425,12,2575,19.61
2008~2009,현대,여,28,109,2294,1422,211,247,1954,3834,37.08,519,97,119,862,1597,32.49,134,16,17,211,378,35.44,237,31,23,254,545,43.48,311,37,34,346,728,42.71,92,11,8,103,214,42.99,129,19,46,178,372,34.67,228,506,468,22,280,1482,2.091,154,108,214,1984,2306,0.99,1,550,5,1314,64,2587,3965,12.05,1243,80,902,2225,52.26,2109,489,3,2601,19.34
2008~2009,흥국,여,28,118,2620,1733,264,296,1930,4223,41.03,521,113,113,733,1480,35.2,291,33,24,275,623,46.7,441,46,44,354,885,49.83,259,32,31,240,562,46.08,71,9,17,98,195,36.41,150,31,67,230,478,31.38,216,624,481,28,311,1632,1.83,138,142,301,2169,2612,1.203,2,678,,1657,44,2522,4223,14.04,1294,74,970,2338,52.18,2300,420,7,2727,19.49
2008~2009,도공,여,28,108,2259,1451,267,317,1948,3983,36.42,511,110,124,912,1657,30.83,136,38,29,199,402,33.83,471,64,60,460,1055,44.64,181,27,19,157,384,47.13,35,7,17,63,122,28.68,117,21,68,157,363,32.23,222,557,441,21,254,1474,2.055,140,52,134,2091,2277,0.481,1,539,1,1381,49,2732,4162,12.78,1159,91,976,2226,47.97,2234,470,18,2722,20.68
2009~2010,KAL,남,36,135,3181,1986,350,278,1288,3902,50.89,619,145,125,558,1447,42.77,362,43,28,212,645,56.12,441,78,35,225,779,56.61,179,19,10,91,299,59.86,15,1,2,5,23,65.21,370,64,78,197,709,52.18,397,509,656,21,309,1871,2.94,292,104,411,2640,3155,0.77,1,747,4,1909,32,2017,3958,14.14,1798,59,742,2599,66.91,1578,448,5,2031,11.68
2009~2010,삼성,남,36,130,3157,1954,303,239,1274,3770,51.83,601,102,79,518,1300,46.23,317,39,28,246,630,50.31,319,53,34,173,579,55.09,198,14,5,97,314,63.05,26,5,1,17,49,53.06,493,90,92,223,898,54.89,370,498,615,20,283,1766,2.846,239,83,345,2699,3127,0.638,,639,3,1868,31,1839,3738,14.36,1711,37,651,2399,69.77,1571,418,4,1993,12.08
2009~2010,LIG손보,남,36,135,3118,1912,351,291,1232,3786,50.5,562,147,114,497,1320,42.57,323,37,30,220,610,52.95,287,49,34,152,522,54.98,239,26,18,113,396,60.35,10,1,2,8,21,47.61,491,91,93,242,917,53.54,391,480,633,22,332,1836,2.896,289,112,353,2629,3094,0.829,1,730,1,1791,49,1902,3742,13.26,1605,49,911,2565,60.66,1462,432,15,1909,10.82
2009~2010,우리캐피탈,남,36,134,2923,1841,420,323,1357,3941,46.71,443,152,103,518,1216,36.43,473,59,58,306,896,52.79,431,102,49,278,860,50.11,176,24,12,75,287,61.32,3,,,4,7,42.85,315,83,101,176,675,46.66,317,467,679,18,300,1763,2.365,227,73,311,2559,2943,0.544,1,714,,1737,52,2161,3950,12.96,1608,65,1071,2744,56.23,1539,398,9,1946,11.48
2009~2010,현대,남,36,131,3102,1859,240,256,1216,3571,52.05,451,112,91,441,1095,41.18,402,23,34,218,677,59.37,467,39,49,275,830,56.26,212,13,10,100,335,63.28,2,,,,2,100,325,53,72,182,632,51.42,426,465,716,35,324,1931,3.251,310,107,342,2631,3080,0.816,1,679,,1785,39,1799,3623,13.62,1611,66,799,2476,62.39,1389,452,6,1847,10.6
2009~2010,KEPCO45,남,36,128,2732,1629,419,304,1438,3790,42.98,512,189,137,581,1419,36.08,372,56,37,289,754,49.33,335,76,44,220,675,49.62,178,33,9,128,348,51.14,12,,1,6,19,63.15,220,65,76,214,575,38.26,317,409,555,17,289,1570,2.476,245,92,392,2277,2761,0.718,1,769,6,1543,48,2169,3760,12.05,1702,75,875,2652,61.34,1475,397,7,1879,11.52
2009~2010,신협상무,남,36,125,2496,1500,396,328,1520,3744,40.06,460,192,133,621,1406,32.71,285,48,43,276,652,43.71,251,57,42,205,555,45.22,224,26,15,158,423,52.95,10,4,1,7,22,45.45,270,69,94,253,686,39.35,261,448,639,19,298,1646,2.088,178,58,236,2245,2539,0.464,,628,,1440,35,2336,3811,11.52,1568,72,1021,2661,56.21,1441,430,10,1881,11.52
2009~2010,GS,여,28,103,2296,1414,182,240,2221,4057,34.85,569,92,127,1105,1893,30.05,126,15,16,207,364,34.61,351,31,39,395,816,43.01,177,23,13,210,423,41.84,98,11,19,152,280,35,93,10,26,152,281,33.09,177,626,392,29,313,1508,1.718,105,85,173,2024,2282,0.825,,503,1,1333,48,2761,4142,12.94,1013,79,926,2018,46.28,2465,410,13,2888,23.93
2009~2010,KT&G,여,28,105,2329,1375,159,218,1959,3711,37.05,645,73,130,998,1846,34.94,213,20,13,302,548,38.86,169,14,23,229,435,38.85,152,14,12,198,376,40.42,41,9,1,70,121,33.88,155,29,39,162,385,40.25,268,550,499,32,360,1677,2.552,176,86,186,2053,2325,0.819,,477,2,1271,33,2472,3776,12.1,1003,81,892,1976,46.65,2144,373,8,2525,20.41
2009~2010,현대,여,28,103,2379,1451,151,261,1802,3665,39.59,572,68,141,898,1679,34.06,166,12,14,220,412,40.29,237,33,39,254,563,42.09,251,18,20,198,487,51.54,56,5,6,48,115,48.69,169,15,41,184,409,41.32,279,594,433,31,363,1669,2.708,197,120,285,1948,2353,1.165,,632,2,1338,48,2290,3676,12.99,1005,65,900,1970,47.71,2096,407,7,2510,20.34
2009~2010,흥국,여,28,112,2362,1476,288,328,2167,4259,34.65,536,122,146,952,1756,30.52,198,20,25,255,498,39.75,334,70,42,411,857,38.97,189,32,21,201,443,42.66,86,9,21,107,223,38.56,133,35,73,241,482,27.59,164,614,367,17,313,1458,1.464,113,122,277,1979,2378,1.089,,690,1,1382,59,2903,4344,12.33,1041,99,1102,2242,42.01,2504,426,9,2939,22.35
2009~2010,도공,여,28,105,2185,1374,258,332,1914,3878,35.43,595,123,174,982,1874,31.75,130,27,22,184,363,35.81,349,48,55,378,830,42.04,169,28,19,206,422,40.04,41,13,12,59,125,32.8,90,19,50,105,264,34.09,150,501,348,15,262,1261,1.428,79,99,193,1920,2212,0.942,1,603,,1277,54,2655,3986,12.16,1011,87,1025,2123,43.52,2227,438,8,2673,21.2
2010~2011,KAL,남,30,105,2488,1482,216,178,943,2819,52.57,526,92,74,437,1129,46.58,262,29,21,159,471,55.62,294,44,28,132,498,59.03,99,12,8,38,157,63.05,11,1,,5,17,64.7,290,38,47,172,547,53.01,290,340,560,15,236,1426,2.761,227,118,345,1993,2456,1.123,,578,1,1401,34,1398,2833,13.34,1179,54,667,1900,59.21,1114,286,6,1406,10.6
2010~2011,삼성,남,30,108,2442,1473,295,233,835,2836,51.93,564,132,110,439,1245,45.3,179,19,22,119,339,52.8,197,44,13,78,332,59.33,115,13,11,36,175,65.71,7,,2,5,14,50,411,87,75,158,731,56.22,254,292,555,18,214,1315,2.351,181,106,349,1981,2436,0.981,2,639,3,1412,31,1455,2898,13.07,1096,77,884,2057,49.53,1060,302,7,1369,9.814
2010~2011,LIG손보,남,30,102,2311,1362,275,248,814,2699,50.46,440,111,91,324,966,45.54,202,30,16,141,389,51.92,286,48,34,124,492,58.13,105,12,11,40,168,62.5,1,3,,4,8,12.5,328,71,96,181,676,48.52,273,296,494,31,207,1270,2.676,191,94,301,1918,2313,0.921,1,618,,1275,32,1389,2696,12.5,1097,67,788,1952,52.76,1011,303,5,1319,9.911
2010~2011,우리캐피탈,남,30,110,2411,1451,321,247,1031,3050,47.57,447,147,104,433,1131,39.52,271,35,30,164,500,54.2,377,64,47,196,684,55.11,152,23,17,93,285,53.33,10,,,5,15,66.66,194,52,49,140,435,44.59,290,342,554,9,234,1420,2.636,219,80,329,2010,2419,0.727,1,631,1,1380,43,1629,3052,12.54,1197,69,899,2165,52.1,1169,320,2,1491,10.62
2010~2011,현대,남,30,107,2497,1465,236,215,919,2835,51.67,393,97,72,353,915,42.95,280,31,25,167,503,55.66,305,35,33,168,541,56.37,142,15,15,64,236,60.16,4,,,2,6,66.66,341,58,70,165,634,53.78,320,388,589,25,229,1526,2.99,243,85,334,2061,2480,0.794,1,614,2,1404,30,1453,2887,13.12,1094,64,821,1979,52.04,1153,283,9,1445,10.77
2010~2011,KEPCO45,남,30,109,2403,1387,283,228,1020,2918,47.53,487,141,106,445,1179,41.3,267,19,21,202,509,52.45,260,38,14,126,438,59.36,76,8,9,46,139,54.67,9,,,4,13,69.23,288,77,78,197,640,45,331,325,586,24,248,1490,3.036,256,88,274,2054,2416,0.807,1,569,3,1309,32,1591,2932,12,1237,66,837,2140,54.71,1054,317,10,1381,9.669
2010~2011,상무신협,남,30,109,2205,1309,346,239,1059,2953,44.32,334,136,87,374,931,35.87,276,46,22,213,557,49.55,310,83,54,219,666,46.54,166,18,10,83,277,59.92,15,4,4,2,25,60,208,59,62,168,497,41.85,214,324,580,19,167,1285,1.963,147,62,249,1920,2231,0.568,,564,,1258,52,1695,3005,11.54,1234,86,898,2218,51.75,1068,339,5,1412,9.798
2010~2011,GS,여,24,87,1835,1060,188,264,1657,3169,33.44,451,84,115,807,1457,30.95,99,21,21,143,284,34.85,209,43,43,314,609,34.31,184,22,35,199,440,41.81,65,7,9,89,170,38.23,52,11,41,105,209,24.88,137,453,389,11,196,1175,1.574,98,97,196,1563,1856,1.114,,505,,973,32,2196,3201,11.18,722,130,969,1821,32.5,1745,355,2,2102,20.05
2010~2011,인삼공사,여,24,89,1954,1084,141,196,1529,2950,36.74,501,81,116,824,1522,32.91,94,12,13,152,271,34.68,91,11,26,183,311,29.26,141,15,10,141,307,45.92,33,3,7,58,101,32.67,224,19,24,171,438,51.14,215,453,488,21,326,1482,2.415,136,111,207,1644,1962,1.247,,474,1,1000,43,1991,3034,11.23,755,117,901,1773,35.98,1642,302,7,1951,18.44
2010~2011,현대,여,24,91,2100,1229,168,261,1351,3009,40.84,445,74,125,588,1232,36.12,163,16,24,151,354,46.04,189,28,29,204,450,42,238,15,27,187,467,50.96,69,10,8,75,162,42.59,125,25,48,146,344,36.33,188,505,364,29,251,1308,2.065,126,163,285,1630,2078,1.791,1,630,2,1144,49,1834,3027,12.57,806,107,781,1694,41.26,1651,285,5,1941,18.14
2010~2011,흥국,여,24,94,2119,1224,197,217,1788,3426,35.72,488,91,111,906,1596,30.57,113,13,12,144,282,40.07,227,34,25,285,571,39.75,146,21,14,151,332,43.97,131,16,17,170,334,39.22,119,22,38,132,311,38.26,193,565,398,29,275,1431,2.053,139,107,219,1792,2118,1.138,,503,2,1163,32,2313,3508,12.37,773,122,858,1753,37.13,2089,337,6,2432,22.22
2010~2011,도공,여,24,87,1995,1173,188,246,1603,3210,36.54,440,89,111,733,1373,32.04,138,16,27,173,354,38.98,240,38,30,269,577,41.59,103,16,8,117,244,42.21,56,13,7,54,130,43.07,196,16,63,257,532,36.84,149,481,348,12,218,1196,1.712,99,176,265,1547,1988,2.022,,580,,1095,52,2085,3232,12.58,725,99,881,1705,36.71,1810,294,5,2109,20.8
2011~2012,KAL,남,36,146,3397,1868,291,279,1095,3533,52.87,609,99,126,458,1292,47.13,316,42,27,184,569,55.53,363,61,43,212,679,53.46,136,10,6,55,207,65.7,16,2,2,11,31,51.61,428,77,75,175,755,56.68,396,380,788,30,310,1874,2.712,313,174,551,2502,3227,1.191,2,899,,1804,27,1773,3604,12.35,1611,74,911,2596,59.2,1261,343,10,1614,8.636
2011~2012,삼성,남,36,131,3103,1760,305,195,852,3112,56.55,634,129,88,361,1212,52.31,208,16,11,121,356,58.42,306,43,16,105,470,65.1,107,14,5,35,161,66.45,,,1,1,2,,505,103,74,229,911,55.43,326,363,660,13,223,1572,2.488,209,117,374,2437,2928,0.893,,617,,1706,29,1441,3176,13.02,1339,95,798,2232,55.73,1195,366,6,1567,9.122
2011~2012,LIG손보,남,36,140,3124,1852,430,296,1167,3745,49.45,668,172,130,512,1482,45.07,255,34,25,194,508,50.19,450,94,58,212,814,55.28,79,8,9,40,136,58.08,,,,,,,400,122,74,209,805,49.68,291,419,744,23,247,1701,2.078,226,84,351,2555,2990,0.6,1,702,3,1765,28,1981,3774,12.6,1465,93,1148,2706,50.7,1337,392,4,1733,9.55
2011~2012,드림식스,남,36,135,3046,1752,373,290,1119,3534,49.57,516,174,126,460,1276,40.43,311,34,24,163,532,58.45,390,80,49,191,710,54.92,208,18,23,105,354,58.75,4,1,2,1,8,50,323,66,66,199,654,49.38,369,368,634,22,247,1618,2.733,275,94,474,2338,2906,0.696,,834,,1672,43,1816,3531,12.38,1381,100,1115,2596,49.34,1254,340,5,1599,9.288
2011~2012,현대,남,36,138,3246,1862,274,268,1013,3417,54.49,485,104,99,389,1077,45.03,352,38,26,174,590,59.66,422,56,28,176,682,61.87,194,19,14,80,307,63.19,5,,,,5,100,404,57,101,194,756,53.43,382,399,765,48,303,1849,2.768,278,129,473,2555,3157,0.934,,833,1,1791,36,1631,3458,12.97,1467,100,968,2535,53.92,1217,397,8,1622,8.818
2011~2012,KEPCO,남,36,138,3102,1789,397,261,1109,3556,50.3,619,172,82,422,1295,47.79,304,33,32,235,604,50.33,376,57,38,176,647,58.11,84,19,9,52,164,51.21,6,2,1,3,12,50,400,114,99,221,834,47.96,385,361,768,24,253,1767,2.789,256,100,322,2607,3029,0.724,1,648,,1704,34,1836,3574,12.34,1606,83,972,2661,57.23,1230,380,6,1616,8.913
2011~2012,상무신협,남,36,124,1935,1146,280,221,899,2546,45.01,327,118,77,347,869,37.62,240,28,45,192,505,47.52,255,68,36,145,504,50.59,186,20,11,87,304,61.18,10,1,1,4,16,62.5,128,45,51,124,348,36.78,201,286,520,20,149,1156,1.62,129,50,249,1663,1962,0.403,,538,1,1101,45,1474,2620,8.879,1070,81,802,1953,50.64,904,306,3,1213,7.29
2011~2012,GS,여,30,113,2478,1443,230,302,1729,3704,38.95,629,131,174,875,1809,34.77,229,27,26,248,530,43.2,250,34,32,259,575,43.47,164,14,16,146,340,48.23,33,7,6,44,90,36.66,138,17,48,157,360,38.33,272,508,551,28,323,1654,2.407,199,116,217,2149,2482,1.026,,603,1,1359,46,2400,3805,12.02,1040,141,1080,2261,39.76,1935,424,10,2369,17.12
2011~2012,KGC인삼공사,여,30,115,2632,1527,174,230,1576,3507,43.54,663,82,102,822,1669,39.72,75,6,10,80,171,43.85,154,22,22,177,375,41.06,156,11,11,136,314,49.68,52,6,4,75,137,37.95,427,47,81,286,841,50.77,310,496,535,30,371,1712,2.695,195,131,300,2189,2620,1.139,,617,1,1433,50,2114,3597,12.46,920,179,1044,2143,34.57,1937,403,7,2347,16.84
2011~2012,현대,여,30,120,2704,1562,189,305,1746,3802,41.08,498,90,125,765,1478,33.69,201,14,18,169,402,50,310,30,39,287,666,46.54,285,30,31,246,592,48.14,79,9,8,62,158,50,189,16,84,217,506,37.35,300,550,621,22,268,1739,2.5,210,177,364,2163,2704,1.475,1,741,3,1489,38,2388,3915,12.4,1098,135,1070,2303,41.81,2005,408,11,2424,16.7
2011~2012,흥국,여,30,123,2699,1652,295,269,1879,4095,40.34,561,127,91,792,1571,35.7,171,25,22,211,429,39.86,303,46,43,271,663,45.7,247,33,29,215,524,47.13,111,14,23,111,259,42.85,259,50,61,279,649,39.9,167,634,541,27,288,1630,1.357,125,151,275,2276,2702,1.227,3,629,5,1578,47,2613,4238,12.82,1066,160,1152,2378,38.09,2316,419,9,2744,18.82
2011~2012,도공,여,30,123,2623,1532,319,353,1842,4046,37.86,614,154,150,778,1696,36.2,196,27,24,189,436,44.95,267,44,36,340,687,38.86,172,20,14,151,357,48.17,21,9,9,17,56,37.5,262,65,120,367,814,32.18,153,484,472,10,219,1328,1.243,111,240,408,1973,2621,1.951,,824,1,1455,44,2609,4108,11.82,1074,143,1124,2341,39.76,2102,377,9,2488,17.08
2011~2012,IBK,여,30,116,2579,1514,204,232,1598,3548,42.67,824,116,120,903,1963,41.97,117,11,12,125,265,44.15,150,20,13,177,360,41.66,91,16,13,113,233,39.05,50,8,3,40,101,49.5,282,33,71,240,626,45.04,209,492,525,26,302,1528,1.801,131,188,333,2060,2581,1.62,,644,2,1422,37,2159,3618,12.25,966,152,1165,2283,35.65,1784,374,16,2174,15.37
2012~2013,KAL,남,30,120,2707,1484,263,241,992,2980,49.79,431,103,104,407,1045,41.24,242,26,21,152,441,54.87,360,56,37,187,640,56.25,175,15,8,84,282,62.05,13,1,1,12,27,48.14,263,62,70,150,545,48.25,341,322,642,28,252,1557,2.841,265,163,465,2073,2701,1.358,2,768,1,1423,30,1584,3037,11.85,1304,91,821,2216,54.73,1077,307,2,1386,8.975
2012~2013,삼성,남,30,114,2690,1577,265,218,740,2800,56.32,636,125,95,370,1226,51.87,251,22,21,110,404,62.12,148,32,8,54,242,61.15,123,14,8,34,179,68.71,5,3,1,3,12,41.66,414,69,85,169,737,56.17,293,319,582,26,194,1388,2.57,208,116,354,2195,2665,1.017,,624,1,1529,20,1278,2827,13.41,1140,82,786,2008,52.68,1018,270,6,1294,8.929
2012~2013,LIG손보,남,30,110,2461,1393,275,229,945,2842,49.01,527,121,98,434,1180,44.66,190,19,22,127,358,53.07,222,40,26,115,403,55.08,81,6,5,44,136,59.55,,,,1,1,,373,89,78,224,764,48.82,310,355,589,23,219,1473,2.818,242,103,335,2023,2461,0.936,,624,,1338,32,1530,2900,12.16,1121,92,872,2085,49.35,1050,293,5,1348,9.545
2012~2013,드림식스,남,30,109,2521,1446,295,263,952,2956,48.91,480,129,115,423,1147,41.84,262,25,24,151,462,56.7,282,49,32,133,496,56.85,155,26,9,77,267,58.05,,,,1,1,,267,66,83,167,583,45.79,344,355,574,22,232,1505,3.155,273,78,433,2007,2518,0.715,,751,1,1379,26,1554,2959,12.65,1201,94,884,2179,50.8,1068,305,7,1380,9.798
2012~2013,현대,남,30,119,2729,1590,316,248,863,3017,52.7,366,108,97,311,882,41.49,285,36,19,160,500,57,346,68,35,131,580,59.65,161,18,16,60,255,63.13,5,,1,2,8,62.5,427,86,80,199,792,53.91,289,333,637,24,238,1497,2.428,232,149,401,2171,2721,1.252,2,708,2,1535,28,1551,3114,12.89,1291,99,868,2258,52.79,1114,329,5,1448,9.361
2012~2013,KEPCO,남,30,108,2256,1347,369,244,928,2888,46.64,469,172,99,407,1147,40.88,234,26,25,171,456,51.31,239,64,18,131,452,52.87,108,26,12,62,208,51.92,13,2,5,3,23,56.52,284,79,85,154,602,47.17,206,333,600,24,183,1322,1.907,159,69,275,1948,2292,0.638,2,584,2,1277,39,1617,2933,11.82,1272,88,851,2211,53.55,1005,286,1,1292,9.305
2012~2013,GS,여,30,104,2397,1405,178,256,1543,3382,41.54,634,101,148,838,1721,36.83,208,16,12,203,439,47.38,201,24,33,186,444,45.27,123,10,9,109,251,49,47,8,9,46,110,42.72,192,19,45,161,417,46.04,258,535,520,32,302,1615,2.48,196,163,237,1971,2371,1.567,,561,2,1333,34,2051,3418,12.81,858,141,987,1986,36.1,1848,338,2,2188,17.76
2012~2013,KGC인삼공사,여,30,109,2163,1218,244,293,1775,3530,34.5,535,116,123,850,1624,32.94,53,13,16,97,179,29.6,305,67,47,398,817,37.33,91,13,12,113,229,39.73,96,10,17,117,240,40,138,25,78,200,441,31.29,154,429,430,18,209,1222,1.412,99,142,288,1759,2189,1.302,,637,1,1137,33,2460,3630,10.43,936,171,1099,2206,34.67,1873,391,5,2269,17.18
2012~2013,현대,여,30,111,2494,1419,169,251,1416,3255,43.59,591,91,116,701,1499,39.42,144,6,23,115,288,50,214,33,32,177,456,46.92,253,13,22,169,457,55.36,80,6,7,49,142,56.33,137,20,51,205,413,33.17,257,502,586,32,295,1640,2.315,204,197,296,1997,2490,1.774,1,631,1,1341,39,1941,3321,12.08,847,164,1048,2059,33.17,1672,347,12,2031,15.06
2012~2013,흥국,여,30,107,2186,1269,227,281,1455,3232,39.26,592,130,130,780,1632,36.27,101,12,15,103,231,43.72,168,24,27,170,389,43.18,103,13,14,130,260,39.61,64,7,12,55,138,46.37,241,41,83,217,582,41.4,157,478,451,33,236,1322,1.467,121,158,318,1736,2212,1.476,1,682,1,1219,41,2171,3431,11.39,816,205,1157,2178,28.05,1766,394,8,2168,16.5
2012~2013,도공,여,30,114,2544,1496,268,269,1469,3502,42.71,652,134,101,691,1578,41.31,152,23,23,154,352,43.18,211,41,30,230,512,41.21,152,16,13,149,330,46.06,14,2,3,15,34,41.17,315,52,99,230,696,45.25,176,420,440,14,258,1294,1.543,133,247,410,1884,2541,2.166,,732,2,1426,35,2111,3572,12.5,860,169,1100,2129,32.45,1758,369,4,2131,15.42
2012~2013,IBK,여,30,111,2557,1476,155,215,1457,3303,44.68,769,102,126,779,1776,43.29,148,11,11,123,293,50.51,164,12,17,187,380,43.15,118,10,8,140,276,42.75,59,4,5,43,111,53.15,218,16,48,185,467,46.68,239,491,535,20,272,1537,2.153,168,165,217,2153,2535,1.486,1,495,,1366,35,1933,3334,12.3,822,150,963,1935,34.72,1832,341,7,2180,16.5
2013~2014,삼성,남,30,115,2737,1649,222,201,794,2866,57.53,724,112,97,378,1311,55.22,242,19,11,111,383,63.18,97,15,4,35,151,64.23,148,5,6,42,201,73.63,,,,,,,438,71,83,228,820,53.41,285,347,604,21,219,1455,2.478,202,96,320,2305,2721,0.834,1,575,1,1577,28,1282,2887,13.71,1155,99,832,2086,50.62,1048,319,4,1371,9.113
2013~2014,현대,남,30,116,2691,1623,271,270,857,3021,53.72,531,100,119,366,1116,47.58,298,25,31,139,493,60.44,187,39,13,87,326,57.36,143,20,13,55,231,61.9,3,,1,1,5,60,461,87,93,209,850,54.23,298,367,628,41,240,1533,2.568,258,88,331,2256,2675,0.758,2,675,2,1557,26,1464,3047,13.42,1294,68,846,2208,55.52,1067,327,5,1399,9.198
2013~2014,KAL,남,30,112,2631,1602,260,226,937,3025,52.95,628,114,101,439,1282,48.98,197,23,21,135,376,52.39,236,31,24,92,383,61.61,96,11,10,52,169,56.8,25,2,1,10,38,65.78,420,79,69,209,777,54.05,258,394,643,28,190,1485,2.303,204,119,393,2114,2626,1.062,,687,,1543,37,1497,3077,13.77,1355,64,826,2245,57.5,1074,337,3,1414,9.589
2013~2014,우리카드,남,30,112,2506,1446,282,197,989,2914,49.62,425,127,83,422,1057,40.2,308,27,22,188,545,56.51,396,69,38,207,710,55.77,122,12,9,49,192,63.54,5,2,,,7,71.42,190,45,45,123,403,47.14,308,373,651,22,181,1513,2.75,257,85,298,2123,2506,0.758,1,555,2,1376,30,1533,2939,12.28,1240,84,822,2146,53.86,1054,323,7,1384,9.41
2013~2014,LIG손보,남,30,115,2558,1525,286,263,936,3010,50.66,613,123,129,486,1351,45.37,217,26,16,140,399,54.38,148,39,10,74,271,54.61,117,13,13,52,195,60,2,,,1,3,66.66,428,85,95,183,791,54.1,260,375,591,20,185,1411,2.26,200,89,365,2112,2566,0.773,,696,1,1459,37,1550,3046,12.68,1205,101,970,2276,48.5,1065,353,11,1429,9.26
2013~2014,러시앤캐시,남,30,114,2554,1553,302,246,884,2985,52.02,467,111,87,364,1029,45.38,274,34,25,156,489,56.03,234,42,28,119,423,55.31,177,23,14,82,296,59.79,5,1,3,1,10,50,396,91,89,162,738,53.65,262,320,613,13,172,1367,2.298,207,94,437,2027,2558,0.824,1,730,2,1459,29,1483,2971,12.79,1367,103,778,2248,56.22,1010,288,4,1302,8.859
2013~2014,한국전력,남,30,120,2620,1575,310,258,984,3127,50.36,512,151,103,382,1148,44.59,237,27,28,194,486,48.76,315,43,42,147,547,57.58,130,16,6,49,201,64.67,2,,2,1,5,40,379,73,77,211,740,51.21,262,347,647,40,207,1463,2.183,200,134,424,2082,2640,1.116,,759,1,1521,30,1650,3201,12.67,1505,79,815,2399,59.44,1028,292,7,1327,8.566
2013~2014,GS,여,30,107,2507,1559,176,265,1753,3753,41.54,754,99,143,933,1929,39.08,97,9,16,133,255,38.03,253,17,35,271,576,43.92,139,21,15,112,287,48.43,64,5,4,72,145,44.13,252,25,52,232,561,44.91,254,614,607,24,293,1768,2.373,202,117,211,2160,2488,1.093,,554,1,1459,45,2297,3801,13.63,910,146,1051,2107,36.26,2075,360,9,2444,19.39
2013~2014,IBK,여,30,106,2482,1469,168,192,1711,3540,41.49,745,118,114,979,1956,38.08,160,7,8,136,311,51.44,220,11,18,209,458,48.03,161,7,14,200,382,42.14,36,3,4,42,85,42.35,147,22,34,145,348,42.24,245,634,597,21,347,1823,2.311,170,189,197,2076,2462,1.783,,458,,1362,36,2181,3579,12.84,913,118,943,1974,40.27,1999,337,12,2348,18.85
2013~2014,KGC인삼공사,여,30,115,2538,1579,248,307,1880,4014,39.33,722,139,136,1003,2000,36.1,34,9,7,54,104,32.69,242,35,21,316,614,39.41,89,8,13,94,204,43.62,72,6,11,71,160,45,420,51,119,342,932,45.06,180,575,547,12,260,1562,1.565,126,158,234,2148,2540,1.373,,599,,1496,39,2611,4146,13,1111,132,1062,2305,42.47,2256,419,7,2682,19.61
2013~2014,도공,여,30,116,2491,1490,288,280,1941,3999,37.25,714,163,137,1012,2026,35.24,72,10,9,96,187,38.5,301,42,40,344,727,41.4,72,16,7,113,208,34.61,20,2,4,39,65,30.76,311,55,83,337,786,39.56,230,645,614,14,324,1813,1.982,164,168,282,2050,2500,1.448,,615,1,1432,31,2740,4203,12.34,963,143,1222,2328,35.22,2203,395,8,2606,18.99
2013~2014,현대,여,30,113,2448,1478,197,318,1543,3536,41.79,569,102,140,732,1543,36.87,145,8,15,93,261,55.55,232,25,37,201,495,46.86,286,26,34,249,595,48.06,47,3,5,45,100,47,199,33,87,223,542,36.71,283,573,631,31,295,1782,2.504,226,146,237,2074,2457,1.292,,650,1,1413,53,2190,3656,12.5,942,165,1153,2260,34.38,1820,339,11,2170,16.1
2013~2014,흥국,여,30,113,2302,1398,261,329,1856,3844,36.36,690,142,158,971,1961,35.18,128,14,27,128,297,43.09,153,44,35,226,458,33.4,108,10,12,135,265,40.75,85,10,17,91,203,41.87,234,41,80,305,660,35.45,146,573,463,19,229,1411,1.292,103,138,245,1938,2321,1.221,,661,1,1341,62,2641,4044,11.86,1037,164,1135,2336,37.37,2134,396,6,2536,18.88
2014~2015,OK저축은행,남,36,139,3188,1846,333,294,949,3422,53.94,426,102,94,356,978,43.55,395,36,34,183,648,60.95,335,66,38,139,578,57.95,152,10,9,65,236,64.4,5,,2,6,13,38.46,533,119,117,200,969,55,386,410,722,30,279,1797,2.776,313,170,528,2475,3173,1.223,,904,3,1764,48,1664,3476,12.69,1634,99,852,2585,59.38,1177,372,4,1553,8.467
2014~2015,삼성,남,36,139,3270,1949,294,285,1009,3537,55.1,725,111,122,423,1381,52.49,321,23,13,174,531,60.45,141,36,21,75,273,51.64,243,14,15,94,366,66.39,7,1,1,2,11,63.63,512,109,113,241,975,52.51,344,440,746,26,236,1766,2.474,250,134,347,2760,3241,0.964,,688,2,1874,25,1616,3515,13.48,1425,119,1009,2553,51.15,1279,444,5,1728,9.201
2014~2015,한국전력,남,36,141,3224,1879,342,280,1150,3651,51.46,754,164,128,509,1555,48.48,250,18,14,204,486,51.44,368,70,31,173,642,57.32,153,17,8,51,229,66.81,1,1,1,1,4,25,353,72,98,212,735,48.02,367,437,750,32,262,1816,2.602,275,125,436,2648,3209,0.886,1,796,,1804,42,1823,3669,12.79,1546,106,1013,2665,54.03,1305,386,5,1696,9.255
2014~2015,KAL,남,36,137,3129,1933,332,323,1220,3808,50.76,699,140,155,585,1579,44.26,215,27,16,136,394,54.56,402,57,50,184,693,58,100,8,6,38,152,65.78,40,4,5,13,62,64.51,477,96,91,264,928,51.4,320,527,801,42,296,1944,2.335,268,117,467,2548,3132,0.854,1,874,2,1863,35,1983,3881,13.59,1623,116,1053,2792,53.97,1389,435,6,1830,10.13
2014~2015,현대,남,36,139,3121,1814,351,307,1126,3598,50.41,560,140,120,450,1270,44.09,344,44,27,202,617,55.75,242,40,32,108,422,57.34,186,26,14,85,311,59.8,2,,,1,3,66.66,480,101,114,280,975,49.23,359,401,767,35,291,1818,2.582,294,109,386,2629,3124,0.784,2,776,1,1757,42,1844,3643,12.64,1623,123,940,2686,55.84,1214,448,4,1666,8.733
2014~2015,LIG손보,남,36,146,3260,1923,356,306,1189,3774,50.95,753,170,140,586,1649,45.66,220,25,21,128,394,55.83,344,54,29,166,593,58.01,91,10,10,42,153,59.47,1,,,,1,100,514,97,106,267,984,52.23,397,460,764,38,271,1892,2.719,328,109,479,2685,3273,0.746,,901,2,1840,72,1953,3865,12.6,1550,149,1236,2935,47.73,1318,459,6,1783,9.027
2014~2015,우리카드,남,36,137,2855,1675,454,296,1315,3740,44.78,586,203,126,578,1493,39.24,267,41,21,191,520,51.34,389,92,47,227,755,51.52,141,23,11,86,261,54.02,9,,,1,10,90,283,95,91,232,701,40.37,289,444,765,26,245,1743,2.109,242,87,390,2414,2891,0.635,,763,3,1609,45,2127,3781,11.74,1620,139,1023,2782,53.23,1356,424,6,1786,9.897
2014~2015,IBK,여,30,115,2555,1529,193,229,1821,3772,40.53,608,88,115,929,1740,34.94,130,19,8,123,280,46.42,214,32,11,180,437,48.97,223,18,19,201,461,48.37,61,6,6,71,144,42.36,293,30,70,317,710,41.26,254,645,530,22,291,1720,2.208,191,148,255,2142,2545,1.286,,543,2,1452,32,2364,3848,12.62,979,151,969,2099,39.44,2176,394,5,2575,18.92
2014~2015,도공,여,30,113,2546,1526,255,259,1960,4000,38.15,583,113,125,973,1794,32.49,118,14,11,156,299,39.46,317,47,28,295,687,46.14,137,16,17,158,328,41.76,39,10,2,63,114,34.21,332,55,76,315,778,42.67,208,648,485,10,277,1618,1.84,161,170,273,2091,2534,1.504,,580,2,1451,33,2629,4113,12.84,1000,153,1009,2162,39.17,2324,407,5,2736,20.56
2014~2015,현대,여,30,117,2623,1555,220,319,1664,3758,41.37,681,108,120,762,1671,40.75,145,18,16,179,358,40.5,188,13,32,192,425,44.23,167,21,18,214,420,39.76,11,1,1,6,19,57.89,363,59,132,311,865,41.96,305,581,541,38,337,1764,2.606,239,211,273,2131,2615,1.803,,692,6,1460,51,2322,3833,12.47,914,132,1195,2241,34.89,1942,422,11,2375,16.59
2014~2015,흥국,여,30,115,2459,1468,233,250,1870,3821,38.41,606,124,125,962,1817,33.35,117,10,13,123,263,44.48,220,34,28,249,531,41.43,118,18,9,132,277,42.59,87,3,9,76,175,49.71,320,44,66,328,758,42.21,202,612,514,15,289,1617,1.756,156,146,264,2049,2459,1.269,,583,,1394,47,2483,3924,12.12,1031,184,1015,2230,37.98,2128,420,7,2555,18.5
2014~2015,GS,여,30,121,2564,1571,253,317,2042,4183,37.55,659,94,122,953,1828,36.05,89,16,24,118,247,36.03,318,61,51,376,806,39.45,128,16,13,141,298,42.95,52,3,10,55,120,43.33,325,63,97,399,884,36.76,228,738,628,24,305,1899,1.884,174,165,275,2136,2576,1.363,,668,,1482,45,2751,4278,12.24,1092,158,1191,2441,38.26,2271,462,7,2740,18.76
2014~2015,KGC인삼공사,여,30,111,2267,1369,238,298,1975,3880,35.28,627,116,139,1077,1959,32,51,10,7,86,154,33.11,160,35,24,260,479,33.4,117,18,11,131,277,42.23,44,6,10,59,119,36.97,370,53,107,362,892,41.47,195,593,507,18,302,1597,1.756,152,116,208,1961,2285,1.045,,572,,1309,44,2693,4046,11.79,1006,178,1099,2283,36.26,2216,469,4,2689,19.96
2015~2016,OK저축은행,남,36,133,3132,1801,298,250,1024,3373,53.39,405,105,77,364,951,42.58,423,44,34,218,719,58.83,364,42,33,185,624,58.33,120,11,11,53,195,61.53,9,1,1,1,12,75,480,95,94,203,872,55.04,319,377,639,51,276,1611,2.398,239,215,519,2380,3114,1.616,,868,3,1737,37,1646,3420,13.06,1393,142,972,2507,49.9,1237,343,11,1591,9.3
2015~2016,현대,남,36,133,3103,1782,243,192,1130,3347,53.24,361,74,49,408,892,40.47,330,26,17,166,539,61.22,530,80,44,272,926,57.23,86,11,5,35,137,62.77,1,,,,1,100,474,52,77,249,852,55.63,364,474,743,48,285,1866,2.736,291,132,422,2524,3078,0.992,,713,1,1698,43,1652,3393,12.76,1291,128,979,2398,48.49,1296,365,8,1669,9.744
2015~2016,삼성,남,36,142,3252,1876,317,259,1196,3648,51.42,585,130,105,581,1401,41.75,377,38,20,186,621,60.7,181,33,15,110,339,53.39,302,24,27,134,487,62.01,5,,,4,9,55.55,426,92,92,181,791,53.85,324,435,706,44,277,1742,2.281,242,189,361,2696,3246,1.33,,707,1,1805,33,1836,3674,12.71,1451,153,1067,2671,48.59,1389,479,10,1878,9.781
2015~2016,KAL,남,36,134,3056,1863,263,290,1110,3526,52.83,442,95,92,406,1035,42.7,240,30,26,147,443,54.17,681,71,83,320,1155,58.96,72,6,6,27,111,64.86,2,,,,2,100,426,61,83,210,780,54.61,312,432,637,58,307,1688,2.328,235,142,511,2398,3051,1.059,,909,,1804,40,1735,3579,13.46,1478,122,994,2594,52.27,1278,450,10,1738,9.537
2015~2016,한국전력,남,36,140,3121,1877,325,284,1251,3737,50.22,602,148,115,523,1388,43.37,269,21,17,171,478,56.27,423,69,48,223,763,55.43,144,10,7,53,214,67.28,2,1,,1,4,50,437,76,97,280,890,49.1,310,463,662,46,300,1735,2.214,220,109,457,2559,3125,0.778,,833,2,1814,35,1936,3785,12.95,1528,151,1001,2680,51.38,1449,420,11,1880,10.35
2015~2016,KB손보,남,36,138,3013,1796,349,282,1233,3660,49.07,455,137,81,468,1141,39.87,245,26,30,156,457,53.61,554,89,69,295,1007,55.01,119,17,10,48,194,61.34,1,,,,1,100,422,80,92,266,860,49.06,265,436,661,34,250,1612,1.92,196,140,436,2459,3035,1.014,,815,,1719,54,2004,3777,12.45,1434,175,1185,2794,45.06,1417,469,9,1895,10.26
2015~2016,우리카드,남,36,136,2789,1632,401,290,1290,3613,45.17,503,154,126,559,1342,37.48,248,33,29,159,469,52.87,384,110,41,264,799,48.06,79,8,8,47,142,55.63,,,,1,1,,418,96,86,260,860,48.6,302,400,727,37,277,1706,2.22,225,101,370,2346,2817,0.742,,761,2,1561,55,2110,3726,11.47,1317,157,1263,2737,42.38,1350,412,9,1771,9.926
2015~2016,현대,여,30,116,2538,1571,212,252,2179,4214,37.28,437,83,102,842,1464,29.84,123,10,16,151,300,41,454,70,46,513,1083,41.92,327,23,31,309,690,47.39,34,2,1,30,67,50.74,196,24,56,334,610,32.13,294,715,619,42,449,2077,2.534,225,131,188,2211,2530,1.129,,535,2,1486,43,2783,4312,12.81,997,111,1137,2245,39.46,2431,423,10,2864,20.95
2015~2016,IBK,여,30,110,2442,1501,204,217,1955,3877,38.71,630,100,100,949,1779,35.41,118,17,9,142,286,41.25,251,25,28,304,608,41.28,218,12,24,203,457,47.7,36,4,3,58,101,35.64,248,46,53,299,646,38.39,260,621,518,32,339,1738,2.363,188,132,194,2101,2427,1.2,,486,3,1409,36,2521,3966,12.8,1002,141,976,2119,40.63,2234,433,7,2674,20.3
2015~2016,흥국,여,30,120,2609,1626,272,304,2412,4614,35.24,759,150,158,1393,2460,30.85,149,15,20,151,335,44.47,299,51,32,326,708,42.23,168,25,20,235,448,37.5,116,8,13,95,232,50,135,23,61,212,431,31.32,216,863,518,44,363,1960,1.8,158,139,205,2263,2607,1.158,,616,2,1547,56,3127,4730,12.89,1052,128,1197,2377,38.87,2780,462,7,3249,23.16
2015~2016,GS,여,30,122,2691,1727,254,317,2404,4702,36.72,695,135,168,1217,2215,31.37,193,28,18,223,462,41.77,408,49,42,422,921,44.29,234,16,26,252,528,44.31,91,6,9,85,191,47.64,106,20,54,205,385,27.53,263,781,601,50,436,2081,2.155,205,133,189,2370,2692,1.09,,616,3,1596,49,3076,4721,13.08,1143,113,1137,2393,43.04,2743,434,11,3188,22.48
2015~2016,도로공사,여,30,119,2521,1618,284,320,2192,4414,36.65,693,146,158,1126,2123,32.64,132,17,15,130,294,44.89,381,56,53,413,903,42.19,166,19,24,214,423,39.24,60,7,4,83,154,38.96,186,39,66,226,517,35.97,216,752,514,25,306,1788,1.815,156,124,214,2183,2521,1.042,,606,4,1536,43,2929,4508,12.9,1166,132,1072,2370,43.62,2510,447,4,2961,21.09
2015~2016,KGC인삼공사,여,30,115,2315,1391,239,331,2563,4524,30.74,673,133,168,1408,2382,28.25,41,8,9,85,143,28.67,282,47,43,462,834,33.81,74,13,15,127,229,32.31,34,3,4,67,108,31.48,287,35,92,414,828,34.66,216,749,609,18,363,1937,1.878,157,113,172,2054,2339,0.982,,571,1,1316,38,3369,4723,11.44,1148,147,1140,2435,41.1,2704,508,12,3224,23.51
2016~2017,현대,남,36,143,3241,1846,312,257,1076,3491,52.87,425,103,79,398,1005,42.28,398,38,28,178,642,61.99,507,93,61,253,914,55.47,109,10,8,33,160,68.12,,,,,,,407,68,81,214,770,52.85,344,397,720,43,316,1777,2.405,282,213,486,2525,3224,1.489,1,838,1,1767,42,1701,3510,12.35,1400,150,1102,2652,47.13,1189,405,9,1603,8.314
2016~2017,KAL,남,36,140,3203,1783,274,285,1056,3398,52.47,418,100,103,378,999,41.84,258,20,23,122,423,60.99,529,74,57,271,931,56.82,99,13,9,39,160,61.87,,,,1,1,,479,67,93,245,884,54.18,364,396,701,43,255,1716,2.6,291,169,447,2564,3180,1.207,,830,,1724,48,1671,3443,12.31,1265,144,1146,2555,43.87,1205,432,7,1644,8.607
2016~2017,한국전력,남,36,152,3377,1953,321,300,1336,3910,49.94,721,144,131,624,1620,44.5,295,37,26,188,546,54.02,415,75,44,218,752,55.18,64,5,3,32,104,61.53,,,,,,,458,60,96,274,888,51.57,374,449,762,36,281,1866,2.46,284,150,508,2711,3369,0.986,1,900,12,1887,46,2015,3948,12.41,1644,143,1070,2857,52.53,1422,413,9,1844,9.355
2016~2017,삼성,남,36,147,3285,1959,364,295,1118,3736,52.43,738,167,124,531,1560,47.3,291,32,23,144,490,59.38,327,48,35,143,553,59.13,45,7,2,21,75,60,3,,,,3,100,555,110,111,279,1055,52.6,311,462,681,36,221,1675,2.115,234,142,504,2636,3282,0.965,,881,2,1878,40,1863,3781,12.77,1468,173,1174,2815,46,1358,496,6,1860,9.238
2016~2017,우리카드,남,36,143,3234,1890,345,287,1078,3600,52.5,499,124,123,424,1170,42.64,290,31,21,137,479,60.54,573,88,51,270,982,58.35,63,7,4,32,106,59.43,2,,,,2,100,463,95,88,215,861,53.77,350,419,712,45,284,1765,2.447,262,148,427,2659,3234,1.034,,808,1,1815,42,1786,3643,12.69,1497,133,1098,2728,50,1229,465,7,1701,8.594
2016~2017,KB손보,남,36,143,3149,1845,313,272,1219,3649,50.56,584,104,111,527,1326,44.04,278,26,17,150,471,59.02,406,63,46,201,716,56.7,131,20,10,62,223,58.74,3,,1,,4,75,443,100,87,279,909,48.73,298,451,713,34,242,1704,2.083,235,131,476,2551,3158,0.916,,831,,1772,38,1890,3700,12.39,1349,171,1179,2699,43.64,1367,446,11,1824,9.559
2016~2017,OK저축은행,남,36,138,2951,1766,353,318,1027,3464,50.98,524,126,112,360,1122,46.7,272,29,26,193,520,52.3,411,87,58,185,741,55.46,80,9,10,44,143,55.94,6,2,2,5,15,40,473,100,110,240,923,51.24,241,360,608,29,212,1421,1.746,181,123,544,2314,2981,0.891,,935,1,1675,40,1758,3473,12.13,1458,162,1103,2723,47.59,1146,445,4,1595,8.304
2016~2017,IBK,여,30,109,2519,1641,192,243,2092,4168,39.37,781,93,134,1134,2142,36.46,108,12,7,116,243,44.44,352,43,39,340,774,45.47,158,12,16,150,336,47.02,50,6,5,71,132,37.87,192,26,42,281,541,35.48,209,707,507,21,376,1799,1.917,142,137,191,2183,2511,1.256,,499,2,1559,34,2685,4278,14.3,930,105,1141,2176,37.91,2445,507,10,2962,22.43
2016~2017,흥국,여,30,110,2524,1620,176,259,2259,4314,37.55,776,98,153,1332,2359,32.89,163,5,10,151,329,49.54,296,26,25,264,611,48.44,110,10,18,151,289,38.06,107,12,14,88,221,48.41,168,25,39,273,505,33.26,191,756,547,26,357,1851,1.736,146,128,188,2196,2512,1.163,,522,2,1552,40,2795,4387,14.1,1007,101,1122,2230,40.62,2521,477,9,3007,22.91
2016~2017,KGC인삼공사,여,30,109,2411,1495,232,227,2152,4106,36.41,743,123,122,1237,2225,33.39,97,11,8,145,261,37.16,275,40,37,325,677,40.62,80,14,8,100,202,39.6,25,4,4,45,78,32.05,275,40,48,300,663,41.47,236,643,548,14,340,1767,2.165,188,120,175,2115,2410,1.1,,461,,1428,36,2795,4259,13.1,814,146,1240,2200,30.36,2423,463,9,2895,22.22
2016~2017,현대,여,30,117,2583,1599,217,274,2357,4447,35.95,563,104,143,1023,1833,30.71,83,9,11,110,213,38.96,468,55,48,587,1158,40.41,274,19,34,296,623,43.98,25,5,1,25,56,44.64,186,25,37,316,564,32.97,324,744,603,45,451,2122,2.769,250,115,164,2305,2584,0.982,,565,1,1514,73,3007,4594,12.94,981,143,1281,2405,34.84,2616,519,9,3144,22.35
2016~2017,GS,여,30,119,2600,1772,245,288,2341,4646,38.14,655,112,109,1079,1955,33.5,118,16,13,148,295,40,500,58,55,516,1129,44.28,184,17,21,172,394,46.7,31,1,4,24,60,51.66,284,41,86,402,813,34.93,184,809,576,25,399,1968,1.546,137,138,260,2212,2610,1.159,,626,3,1689,45,3020,4754,14.19,1096,118,1222,2436,40.14,2677,466,8,3151,22.49
2016~2017,도로공사,여,30,116,2432,1610,272,245,2370,4497,35.8,587,145,131,1153,2016,29.11,170,17,11,172,370,45.94,412,59,48,476,995,41.4,214,17,18,264,513,41.71,142,17,14,152,325,43.69,85,17,23,153,278,30.57,190,720,514,24,345,1769,1.637,149,135,227,2080,2442,1.163,,542,2,1510,37,2987,4534,13.01,1161,160,1086,2407,41.58,2648,497,9,3154,22.82
2017~2018,KAL,남,36,143,3261,1839,290,302,1169,3600,51.08,437,104,104,419,1064,41.07,266,19,14,150,449,59.24,616,89,65,311,1081,56.98,54,10,5,23,92,58.69,,,,,,,466,68,114,266,914,50.98,309,483,724,56,349,1865,2.16,257,215,549,2491,3255,1.503,,945,2,1765,30,1858,3653,12.34,1267,146,1208,2621,42.76,1370,488,8,1866,9.58
2017~2018,현대,남,36,134,3120,1690,255,250,1073,3268,51.71,443,97,79,439,1058,41.87,315,24,29,172,540,58.33,410,56,44,226,736,55.7,76,7,4,26,113,67.25,,,1,,1,,446,71,93,210,820,54.39,354,410,715,40,305,1784,2.641,308,153,504,2446,3103,1.141,2,847,,1629,45,1661,3335,12.15,1210,171,1062,2443,42.52,1236,422,6,1664,9.223
2017~2018,삼성,남,36,147,3288,1882,318,280,1024,3504,53.71,753,131,126,480,1490,50.53,278,25,26,165,494,56.27,224,38,33,109,404,55.44,56,10,4,30,100,56,8,2,1,,11,72.72,563,112,90,240,1005,56.01,376,433,759,48,304,1872,2.557,302,140,499,2641,3280,0.952,,873,2,1747,41,1710,3498,11.88,1376,193,1118,2687,44.02,1267,413,5,1685,8.619
2017~2018,KB손보,남,36,145,3274,1785,325,288,1171,3569,50.01,587,147,125,542,1401,41.89,213,8,15,132,368,57.88,472,83,49,229,833,56.66,65,5,5,23,98,66.32,,,1,,1,,448,82,93,245,868,51.61,321,426,723,45,272,1742,2.213,265,254,602,2416,3272,1.751,2,978,1,1711,38,1882,3631,11.8,1165,192,1356,2713,35.86,1300,427,3,1730,8.965
2017~2018,한국전력,남,36,137,3058,1651,324,279,1261,3515,46.97,705,168,138,648,1659,42.49,169,23,21,163,376,44.94,357,67,37,170,631,56.57,21,1,2,19,43,48.83,1,,,,1,100,398,65,81,261,805,49.44,290,424,679,33,243,1636,2.116,210,155,443,2458,3056,1.131,,800,,1605,37,1960,3602,11.71,1265,165,1183,2613,42.09,1356,455,8,1819,9.897
2017~2018,우리카드,남,36,141,3171,1821,352,268,1040,3481,52.31,651,161,104,515,1431,45.49,227,21,29,136,413,54.96,434,75,43,205,757,57.33,67,10,3,34,114,58.77,2,,,2,4,50,440,85,89,148,762,57.74,268,440,678,39,253,1639,1.9,210,189,522,2470,3181,1.34,1,874,3,1763,40,1771,3574,12.5,1214,204,1252,2670,37.82,1319,452,4,1775,9.354
2017~2018,OK저축은행,남,36,141,3069,1745,344,333,1120,3542,49.26,475,124,117,403,1119,42.44,266,35,28,185,514,51.75,407,76,50,239,772,52.72,120,17,12,52,201,59.7,4,2,2,1,9,44.44,473,90,124,240,927,51.02,290,381,644,32,234,1549,2.056,233,182,606,2301,3089,1.29,,1005,2,1661,32,1851,3544,11.78,1413,217,1124,2754,43.42,1210,415,2,1627,8.581
2017~2018,도로공사,여,30,120,2709,1679,250,198,2181,4308,38.97,716,135,108,1122,2081,34.4,150,12,8,152,322,46.58,388,51,31,433,903,42.96,171,25,14,183,393,43.51,103,7,4,91,205,50.24,151,20,33,200,404,37.37,268,712,569,43,372,1921,2.233,219,143,284,2272,2699,1.191,,570,1,1583,39,2763,4385,13.19,1155,138,1010,2303,44.15,2489,413,6,2908,20.74
2017~2018,IBK,여,30,116,2586,1612,248,233,2063,4156,38.78,741,140,119,1079,2079,35.64,62,9,10,103,184,33.69,302,32,35,271,640,47.18,145,15,16,156,332,43.67,90,9,8,97,204,44.11,272,43,45,357,717,37.93,251,809,500,30,378,1938,2.163,192,149,240,2178,2567,1.284,,554,4,1548,43,2671,4262,13.34,901,130,1156,2187,35.25,2458,418,8,2884,21.18
2017~2018,현대,여,30,116,2563,1570,210,257,2086,4123,38.07,583,103,129,1012,1827,31.91,248,18,23,179,468,52.99,285,34,25,347,691,41.24,202,14,20,240,476,42.43,12,,1,17,30,40,240,41,59,291,631,38.03,336,658,645,42,426,2065,2.896,267,146,177,2239,2562,1.258,,545,2,1490,60,2718,4268,12.84,985,147,1194,2326,36.02,2344,431,9,2784,20.2
2017~2018,GS,여,30,117,2587,1670,257,269,2012,4208,39.68,692,123,126,971,1912,36.19,141,23,16,185,365,38.63,455,47,47,433,982,46.33,95,13,9,77,194,48.96,6,2,2,13,23,26.08,281,49,69,333,732,38.38,213,678,564,31,391,1846,1.82,163,141,236,2204,2581,1.205,,602,4,1606,56,2681,4343,13.72,1031,131,1202,2364,38.07,2333,456,10,2799,19.94
2017~2018,KGC인삼공사,여,30,114,2379,1459,272,282,2220,4233,34.46,714,141,142,1244,2241,31.86,92,12,17,133,254,36.22,214,45,31,293,583,36.7,92,10,14,144,260,35.38,20,4,6,35,65,30.76,327,60,72,371,830,39.39,244,716,578,24,344,1882,2.14,190,102,175,2117,2394,0.894,1,530,1,1375,45,2977,4397,12.06,940,146,1234,2320,34.22,2471,472,3,2946,21.67
2017~2018,흥국,여,30,119,2454,1524,279,308,2368,4479,34.02,797,149,169,1376,2491,31.99,104,22,18,175,319,32.6,229,47,22,316,614,37.29,95,16,11,96,218,43.57,60,10,6,59,135,44.44,239,35,82,346,702,34.04,203,722,547,32,305,1777,1.705,160,138,225,2111,2474,1.159,,612,4,1455,39,3102,4596,12.22,1063,127,1234,2424,38.61,2547,449,8,3004,21.4
2018~2019,현대,남,36,140,3245,1705,265,281,1074,3325,51.27,500,111,111,470,1192,41.94,323,19,31,182,555,58.19,403,52,48,184,687,58.66,35,5,3,16,59,59.32,,,,,,,444,78,88,222,832,53.36,372,393,701,38,271,1737,2.657,309,258,521,2447,3226,1.842,,889,4,1649,43,1679,3371,11.77,1234,162,1156,2552,42,1171,439,6,1616,8.364
2018~2019,KAL,남,36,150,3417,1893,309,321,1123,3646,51.91,472,91,124,407,1094,43.14,337,26,24,150,537,62.75,626,97,74,306,1103,56.75,29,3,4,10,46,63.04,1,,1,,2,50,428,92,94,250,864,49.53,386,425,704,30,265,1780,2.573,298,223,568,2611,3402,1.486,,960,6,1814,34,1809,3657,12.09,1378,150,1118,2646,46.4,1376,516,7,1899,9.173
2018~2019,우리카드,남,36,139,3127,1758,304,280,1038,3380,52.01,645,130,134,508,1417,45.51,196,15,21,121,353,55.52,465,85,44,218,812,57.26,41,5,3,12,61,67.21,,,,,,,411,69,78,179,737,55.76,349,444,716,37,316,1825,2.51,272,169,409,2539,3117,1.215,,766,5,1675,37,1685,3397,12.05,1050,202,1315,2567,33.03,1228,433,3,1664,8.834
2018~2019,삼성,남,36,141,3216,1846,325,240,992,3403,54.24,799,177,119,457,1552,51.48,192,19,19,157,387,49.61,295,32,27,136,490,60.2,40,5,1,11,57,70.17,11,,1,4,16,68.75,509,92,73,227,901,56.49,341,435,753,38,279,1808,2.418,278,134,567,2514,3215,0.95,,892,3,1753,42,1628,3423,12.43,1291,224,1182,2697,39.56,1178,394,5,1577,8.354
2018~2019,OK저축은행,남,36,137,3063,1673,310,286,973,3242,51.6,501,118,117,420,1156,43.33,232,22,24,142,420,55.23,441,67,39,191,738,59.75,68,14,9,37,128,53.12,,,,1,1,,431,89,97,182,799,53.94,302,327,616,35,226,1471,2.204,245,236,614,2216,3066,1.722,,986,7,1596,48,1588,3232,11.64,1120,180,1256,2556,36.77,1064,384,3,1451,7.766
2018~2019,KB손보,남,36,144,3216,1807,335,315,1165,3622,49.88,527,145,103,474,1249,42.19,243,17,20,131,411,59.12,436,85,58,233,812,53.69,74,9,4,23,110,67.27,1,,1,1,3,33.33,526,79,129,303,1037,50.72,282,467,719,40,250,1718,1.958,239,180,561,2483,3224,1.25,,965,5,1737,43,1892,3672,12.06,1287,201,1255,2743,39.59,1300,459,6,1765,9.027
2018~2019,한국전력,남,36,141,2917,1669,428,288,1207,3592,46.46,509,182,127,488,1306,38.97,238,24,26,172,460,51.73,486,127,46,268,927,52.42,59,11,5,31,106,55.66,3,,,,3,100,374,84,84,248,790,47.34,244,461,679,31,228,1612,1.73,182,100,424,2427,2951,0.709,,778,8,1607,26,2030,3663,11.39,1260,181,1297,2738,39.4,1288,450,9,1747,9.134
2018~2019,흥국,여,30,111,2549,1608,229,269,2192,4298,37.41,827,136,148,1286,2397,34.5,95,11,10,141,257,36.96,305,34,41,354,734,41.55,113,13,8,94,228,49.56,60,6,8,61,135,44.44,208,29,54,256,547,38.02,255,824,513,14,357,1949,2.297,187,106,160,2272,2538,0.954,,482,4,1528,28,2795,4351,13.76,1015,102,1048,2165,42.17,2543,438,11,2992,22.9
2018~2019,도로공사,여,30,119,2662,1696,232,271,2257,4456,38.06,778,120,154,1236,2288,34,155,13,8,150,326,47.54,438,63,51,507,1059,41.35,110,8,10,78,206,53.39,89,7,7,83,186,47.84,126,21,41,203,391,32.22,260,838,603,32,391,2092,2.184,204,107,228,2313,2648,0.899,,559,9,1584,25,2894,4503,13.31,1200,115,988,2303,47.11,2612,416,3,3031,21.94
2018~2019,GS,여,30,114,2502,1595,282,235,2056,4168,38.26,758,137,119,1124,2138,35.45,107,21,12,174,314,34.07,492,83,50,488,1113,44.2,48,5,4,50,107,44.85,8,4,1,14,27,29.62,182,32,49,206,469,38.8,245,774,517,20,374,1910,2.149,190,123,225,2150,2498,1.078,,522,5,1518,36,2746,4300,13.31,949,104,1192,2245,37.63,2352,465,6,2823,20.63
2018~2019,IBK,여,30,117,2567,1631,229,244,2294,4398,37.08,811,131,142,1335,2419,33.52,109,7,5,108,229,47.59,413,48,40,438,939,43.98,98,8,7,97,210,46.66,47,9,9,52,117,40.17,153,26,41,264,484,31.61,268,876,573,26,322,2039,2.29,191,125,215,2221,2561,1.068,,525,9,1546,35,2896,4477,13.21,1063,114,1134,2311,41.06,2533,482,5,3020,21.64
2018~2019,현대,여,30,108,2293,1521,257,266,2023,4067,37.39,856,152,164,1270,2442,35.05,140,11,18,144,313,44.72,258,38,28,319,643,40.12,56,4,6,61,127,44.09,6,3,1,11,21,28.57,205,49,49,218,521,39.34,232,689,536,48,354,1811,2.148,186,105,196,2006,2307,0.972,,571,6,1419,54,2714,4187,13.13,1016,116,1129,2261,39.8,2286,411,7,2704,21.16
2018~2019,KGC인삼공사,여,30,105,2182,1359,246,283,2124,4012,33.87,600,128,159,1179,2066,29.04,98,13,11,129,251,39.04,404,65,63,471,1003,40.27,92,11,10,111,224,41.07,36,3,5,47,91,39.56,129,26,35,187,377,34.21,215,744,566,18,322,1847,2.047,167,86,165,1952,2203,0.819,,522,4,1305,49,2824,4178,12.42,1057,101,1086,2244,42.6,2300,481,7,2788,21.9
2019~2020,우리카드,남,32,123,2895,1625,237,184,1068,3114,52.18,431,102,75,422,1030,41.84,245,18,15,128,406,60.34,545,66,40,304,955,57.06,57,2,,17,76,75,,,,,,,347,49,54,197,647,53.63,300,446,676,26,259,1681,2.439,240,155,388,2331,2874,1.26,,636,3,1572,31,1609,3212,12.78,986,129,1096,2211,38.76,1317,421,7,1745,10.7
2019~2020,KAL,남,31,118,2782,1603,235,240,811,2889,55.48,447,88,93,330,958,46.65,273,21,24,118,436,62.61,517,76,52,207,852,60.68,6,1,,10,17,35.29,,,,,,,360,49,71,146,626,57.5,295,342,587,40,214,1438,2.5,224,191,511,2065,2767,1.618,,818,,1540,23,1377,2940,13.05,994,117,1025,2136,41.05,1116,373,4,1493,9.457
2019~2020,현대,남,32,127,2970,1691,257,269,1083,3300,51.24,471,96,116,462,1145,41.13,321,23,25,169,538,59.66,433,69,53,213,768,56.38,28,5,2,7,42,66.66,,,,,,,438,64,73,232,807,54.27,394,435,765,39,286,1880,3.102,341,145,488,2327,2960,1.141,,840,3,1616,38,1677,3331,12.72,1164,138,1135,2437,42.1,1217,338,6,1561,9.582
2019~2020,OK저축은행,남,32,125,2744,1543,329,249,911,3032,50.89,417,126,95,325,963,43.3,231,31,26,138,426,54.22,450,86,38,268,842,53.44,52,5,4,27,88,59.09,,,,,,,393,81,86,153,713,55.11,255,348,613,33,218,1434,2.04,222,189,521,2037,2747,1.512,,847,5,1461,33,1564,3058,11.68,913,159,1268,2340,32.22,1088,373,11,1472,8.704
2019~2020,삼성,남,32,124,2704,1540,309,242,981,3072,50.13,587,135,126,434,1282,45.78,206,17,15,146,384,53.64,393,72,34,199,698,56.3,35,6,,14,55,63.63,,,,,,,319,79,67,188,653,48.85,242,446,693,33,240,1621,1.951,197,128,404,2179,2711,1.032,,724,13,1466,38,1636,3140,11.82,839,179,1308,2326,28.37,1199,365,7,1571,9.669
2019~2020,KB손보,남,33,136,2952,1705,365,279,1133,3482,48.96,527,144,118,467,1256,41.95,201,19,15,157,392,51.27,470,91,49,252,862,54.52,53,5,8,19,85,62.35,,,,,,,454,106,89,238,887,51.18,310,416,731,41,300,1757,2.279,257,130,429,2406,2965,0.955,,781,2,1643,26,1859,3528,12.08,1072,153,1378,2603,35.3,1285,460,6,1751,9.448
2019~2020,한국전력,남,32,123,2621,1517,310,248,1170,3245,46.74,489,120,89,508,1206,40.54,169,26,27,100,322,52.48,456,85,52,259,852,53.52,70,8,13,38,129,54.26,,,,,,,333,71,67,265,736,45.24,246,378,653,29,254,1531,2,187,101,369,2174,2644,0.821,,683,8,1452,32,1812,3296,11.8,988,164,1319,2471,33.34,1207,434,5,1646,9.813
2019~2020,현대,여,27,105,2359,1453,212,272,1757,3694,39.33,764,136,158,1069,2127,35.91,195,13,18,158,384,50.78,292,28,50,270,640,45.62,37,3,3,28,71,52.11,8,1,2,10,21,38.09,157,31,41,222,451,34.81,259,698,505,36,310,1772,2.466,213,128,238,1980,2346,1.219,,582,3,1341,30,2364,3735,12.77,763,123,1157,2043,31.32,2062,407,6,2475,19.63
2019~2020,GS,여,27,104,2405,1457,253,244,1701,3655,39.86,719,146,137,951,1953,36.81,80,10,13,107,210,38.09,402,56,50,404,912,44.07,37,2,1,35,75,49.33,24,3,3,36,66,36.36,195,36,40,168,439,44.41,251,644,496,14,346,1737,2.413,212,140,243,2007,2390,1.346,,537,4,1367,27,2306,3700,13.14,756,117,1130,2003,31.9,2070,386,9,2465,19.9
2019~2020,흥국,여,27,110,2459,1498,183,260,2186,4127,36.29,738,108,148,1251,2245,32.87,89,9,14,130,242,36.77,309,30,44,365,748,41.31,94,4,3,97,198,47.47,72,3,12,69,156,46.15,196,29,39,274,538,36.43,224,710,524,13,304,1762,2.036,177,128,206,2117,2451,1.163,,517,2,1418,25,2710,4153,12.89,735,104,1256,2095,30.11,2401,459,13,2873,21.82
2019~2020,KGC인삼공사,여,26,114,2462,1518,250,259,2010,4037,37.6,690,133,140,1099,2062,33.46,114,18,13,124,269,42.37,341,46,40,370,797,42.78,53,5,2,65,125,42.4,39,5,4,33,81,48.14,281,43,60,319,703,39.97,225,786,537,29,318,1866,1.973,194,120,237,2108,2465,1.052,,581,5,1448,40,2746,4234,12.7,867,149,1264,2280,31.49,2349,487,16,2852,20.6
2019~2020,IBK,여,27,106,2197,1322,219,284,1902,3727,35.47,600,117,155,1020,1892,31.71,104,12,11,119,246,42.27,389,52,52,462,955,40.73,55,6,9,53,123,44.71,42,5,5,48,100,42,132,27,52,200,411,32.11,198,701,534,22,278,1711,1.867,162,123,224,1867,2214,1.16,,576,9,1263,39,2529,3831,11.91,723,126,1291,2140,27.89,2086,440,7,2533,19.67
2019~2020,도로공사,여,26,103,2176,1343,220,267,2031,3861,34.78,526,102,146,1014,1788,29.41,103,9,13,143,268,38.43,497,84,46,569,1196,41.55,58,1,2,59,120,48.33,32,4,4,36,76,42.1,127,20,56,210,413,30.75,180,650,505,25,274,1609,1.747,148,115,223,1854,2192,1.116,,555,5,1264,32,2646,3942,12.27,959,135,1004,2098,39.27,2230,431,8,2669,21.65
